sense	class	confidence
absorb%2:31:00::	metaphorical	0.9
absorb%2:40:00::	metaphorical	0.9
absorb%2:30:00::	metaphorical	0.8
absorb%2:35:10::	metaphorical	0.8
absorb%2:31:03::	metaphorical	0.7
abuse%2:41:00::	literal	0.52
abuse%2:30:00::	metaphorical	0.5
abuse%2:32:00::	metaphorical	0.5
abuse%2:30:02::	metaphorical	0.7
accommodate%2:34:00::	literal	0.7
accommodate%2:42:03::	literal	0.9
accommodate%2:30:01::	literal	0.8
acknowledge%2:32:04::	literal	0.9
acknowledge%2:32:07::	literal	0.9
acknowledge%2:32:01::	literal	0.9
acknowledge%2:31:02::	literal	0.9
acknowledge%2:31:09::	literal	0.9
acquaint%2:32:00::	literal	0.913
acquaint%2:32:01::	literal	0.6
acquaint%2:32:02::	literal	0.8
act%2:41:00::	literal	0.8
act%2:36:03::	literal	0.9
act%2:29:00::	literal	0.7
act%2:33:00::	metaphorical	0.5
act%2:42:00::	metaphorical	0.5
address%2:32:00::	literal	0.6
address%2:41:08::	literal	0.7
adhere%2:42:00::	metaphorical	0.6
adhere%2:30:00::	literal	0.8
adhere%2:42:02::	metaphorical	0.6
adhere%2:35:00::	literal	0.9167
administer%2:41:00::	literal	0.7
administer%2:40:01::	literal	0.9
administer%2:40:00::	literal	0.6
admit%2:32:00::	literal	0.8
admit%2:41:01::	literal	0.8
admit%2:41:00::	literal	0.7
admit%2:42:06::	metaphorical	0.6
admit%2:42:00::	literal	0.8
admit%2:42:03::	literal	0.9
affect%2:30:00::	literal	0.8
affect%2:29:00::	literal	0.9
affect%2:42:00::	literal	0.8
age%2:30:01::	literal	0.7
age%2:30:00::	literal	0.9
age%2:30:02::	literal	0.6
agree%2:32:00::	literal	0.9
agree%2:32:01::	literal	0.9
agree%2:42:00::	literal	0.7
agree%2:42:03::	literal	0.7
agree%2:40:02::	metaphorical	0.5
agree%2:32:04::	literal	0.8
aim%2:33:00::	literal	0.9
aim%2:31:01::	metaphorical	0.5
aim%2:33:10::	literal	1.0
aim%2:32:00::	metaphorical	0.5
air%2:32:02::	metaphorical	0.5
air%2:32:01::	literal	0.6
air%2:32:00::	metaphorical	0.7
air%2:30:00::	literal	0.6
allow%2:32:06::	literal	0.9
allow%2:40:00::	literal	0.9
allow%2:31:00::	literal	0.8
allow%2:40:01::	literal	0.8
amount%2:42:03::	literal	0.7
amount%2:42:01::	literal	0.9
amount%2:42:00::	metaphorical	0.7
analyze%2:31:03::	literal	0.8
answer%2:32:00::	literal	0.9
answer%2:31:05::	metaphorical	0.7
answer%2:31:02::	literal	0.9
answer%2:31:03::	literal	0.8
answer%2:32:06::	literal	0.9
answer%2:42:01::	literal	0.8
answer%2:42:02::	literal	0.8
answer%2:42:00::	literal	0.6
answer%2:34:00::	literal	0.7
appeal%2:41:00::	literal	0.8
appeal%2:32:00::	metaphorical	0.5
appeal%2:41:04::	literal	0.72
appear%2:30:00::	literal	0.9
appear%2:30:01::	literal	0.6
appear%2:36:00::	literal	0.8
appear%2:41:03::	literal	0.9
appreciate%2:31:00::	literal	0.7
appreciate%2:30:00::	literal	0.9
appreciate%2:30:01::	literal	0.7
approach%2:38:00::	literal	0.9
approach%2:38:01::	literal	0.6
approach%2:32:00::	literal	0.9
ascend%2:38:02::	literal	0.7
ascend%2:42:02::	metaphorical	0.7
ascend%2:41:00::	literal	0.5238
ascend%2:38:04::	literal	0.8
ascend%2:38:01::	literal	0.9
ask%2:32:00::	literal	0.9
ask%2:32:01::	literal	0.9
ask%2:32:09::	literal	0.9
assign%2:40:01::	literal	0.9444
assign%2:31:00::	literal	0.8235
assign%2:31:03::	literal	0.8571
assimilate%2:30:00::	literal	0.8
assimilate%2:30:01::	literal	0.8
assimilate%2:30:02::	literal	0.7
assume%2:31:00::	literal	0.8
assume%2:41:00::	literal	0.7
assume%2:38:00::	literal	0.8
assume%2:40:00::	literal	0.8
assume%2:36:00::	literal	0.9
assume%2:35:00::	literal	0.6
attack%2:33:00::	literal	0.9
attack%2:32:00::	metaphorical	0.5
attack%2:33:01::	literal	0.9
attack%2:30:00::	metaphorical	0.7
attack%2:29:00::	literal	0.6
attend%2:42:00::	literal	1.0
attend%2:42:01::	literal	0.7
attend%2:41:00::	literal	0.6
attend%2:39:00::	literal	0.9
attest%2:32:01::	metaphorical	0.5
attest%2:32:00::	literal	0.8
attest%2:32:04::	literal	0.8
avoid%2:41:01::	literal	0.9
avoid%2:34:00::	literal	1.0
back%2:38:00::	literal	0.9
back%2:38:01::	literal	1.0
back%2:40:00::	literal	0.6
back%2:42:00::	literal	0.6
back%2:33:00::	metaphorical	0.8
back%2:30:00::	literal	0.7
begin%2:42:00::	literal	0.6
begin%2:42:02::	literal	0.9
begin%2:42:03::	literal	0.9
begin%2:41:00::	literal	0.8
believe%2:31:00::	literal	0.9
believe%2:31:03::	literal	1.0
believe%2:31:01::	literal	0.8
believe%2:31:02::	literal	0.8
belong%2:40:00::	literal	0.9
belong%2:42:02::	literal	0.8
belong%2:42:03::	literal	0.7
belong%2:42:01::	literal	0.9
belong%2:42:07::	literal	0.8
belong%2:42:06::	literal	0.8
besiege%2:33:00::	literal	0.9
besiege%2:37:00::	metaphorical	0.6
besiege%2:32:00::	literal	0.7
bind%2:35:00::	literal	0.8
bind%2:35:02::	literal	0.9
bind%2:30:09::	literal	0.6
blast%2:39:00::	metaphorical	0.7
blast%2:38:02::	literal	0.6
blast%2:36:00::	literal	0.9
blast%2:36:02::	literal	0.8
blast%2:33:01::	literal	0.8
blaze%2:43:01::	metaphorical	0.6
blaze%2:33:00::	metaphorical	0.9
blaze%2:43:00::	literal	0.7
blaze%2:38:00::	metaphorical	0.7
blend%2:35:00::	literal	0.9
blend%2:42:00::	literal	0.7
blend%2:30:00::	literal	0.8
blister%2:30:00::	literal	1.0
blister%2:32:00::	metaphorical	1.0
blister%2:30:01::	literal	0.8
blur%2:39:00::	literal	0.7
blur%2:30:01::	literal	0.8
blur%2:30:00::	metaphorical	0.9
bob%2:38:00::	literal	0.9
bob%2:38:01::	literal	0.7
bob%2:29:00::	literal	0.6
bolt%2:38:00::	literal	0.7
bolt%2:38:01::	literal	0.7
bolt%2:34:00::	metaphorical	0.8
boost%2:30:02::	metaphorical	0.7
boost%2:30:00::	literal	0.6
boost%2:35:00::	literal	0.85
bother%2:37:00::	literal	0.8
bother%2:38:00::	literal	0.9
bother%2:37:03::	literal	0.9
bounce%2:38:00::	literal	1.0
bounce%2:38:01::	literal	0.8
bounce%2:35:00::	metaphorical	0.8
bow%2:32:00::	literal	1.0
bow%2:32:01::	metaphorical	0.6
bow%2:38:00::	literal	1.0
bow%2:38:01::	literal	1.0
breathe%2:29:00::	literal	1.0
breathe%2:42:00::	literal	1.0
breathe%2:40:00::	metaphorical	0.7
breathe%2:42:01::	metaphorical	0.8
breathe%2:32:03::	metaphorical	0.5
breathe%2:30:03::	metaphorical	0.6
brush%2:35:01::	literal	1.0
brush%2:35:00::	literal	0.9
brush%2:35:02::	literal	1.0
brush%2:38:00::	literal	0.7
brush%2:30:00::	literal	1.0
brush%2:35:10::	literal	0.9
build%2:30:10::	literal	0.6
build%2:41:00::	literal	0.8
build%2:36:04::	literal	0.7
build%2:36:10::	literal	0.8
build%2:31:03::	literal	0.8
buy%2:42:00::	literal	0.9
buy%2:40:03::	literal	0.6
buy%2:31:09::	metaphorical	0.7
buzz%2:39:00::	literal	0.9
buzz%2:38:00::	literal	0.7
buzz%2:42:00::	metaphorical	0.7
buzz%2:32:00::	metaphorical	0.7
capture%2:36:00::	metaphorical	0.7
capture%2:37:00::	metaphorical	0.6
capture%2:40:01::	literal	0.8
challenge%2:32:01::	literal	0.9
challenge%2:32:00::	literal	0.9
challenge%2:32:03::	literal	0.9
change%2:30:06::	literal	0.7
change%2:30:00::	literal	0.8
change%2:30:02::	literal	0.8
change%2:40:00::	literal	1.0
change%2:38:00::	literal	0.8
change%2:30:08::	literal	0.9
cheer%2:32:02::	literal	0.9
cheer%2:32:03::	literal	0.8
cheer%2:32:01::	literal	0.9
circulate%2:38:03::	literal	0.7
circulate%2:38:01::	literal	1.0
circulate%2:38:04::	literal	0.9
circulate%2:38:00::	metaphorical	0.8
claim%2:32:00::	literal	1.0
claim%2:40:00::	literal	0.9
claim%2:32:02::	literal	0.9
claim%2:32:01::	literal	0.6
clamor%2:32:03::	literal	0.7
clamor%2:32:00::	metaphorical	0.5
clamor%2:41:00::	literal	0.8
clap%2:35:03::	metaphorical	0.7
clap%2:38:04::	literal	0.9
clap%2:29:00::	literal	1.0
clap%2:38:03::	literal	0.7
clap%2:35:00::	literal	0.8
claw%2:38:00::	metaphorical	0.8
claw%2:35:01::	metaphorical	0.6
claw%2:32:00::	metaphorical	0.9
clean%2:35:00::	literal	1.0
clean%2:30:02::	literal	0.9
clean%2:29:00::	literal	0.8
clean%2:42:00::	literal	0.8
clean%2:35:12::	literal	0.6
clean%2:35:04::	literal	0.7
climb%2:38:00::	literal	1.0
climb%2:30:00::	metaphorical	0.8
climb%2:38:06::	metaphorical	0.6
climb%2:30:03::	metaphorical	0.8
climb%2:30:01::	metaphorical	0.6
clog%2:35:00::	literal	0.9
clog%2:35:01::	metaphorical	0.5
clog%2:30:00::	metaphorical	0.6
clog%2:30:02::	metaphorical	0.6
cloud%2:39:00::	literal	0.96
cloud%2:38:00::	literal	0.6
cloud%2:37:00::	metaphorical	1.0
cloud%2:30:04::	metaphorical	0.7222
cloud%2:30:03::	metaphorical	0.5
co-opt%2:41:02::	literal	0.6
co-opt%2:41:03::	literal	0.8
co-opt%2:41:01::	literal	0.9
co-opt%2:40:00::	literal	0.8
color%2:30:00::	literal	1.0
color%2:32:00::	metaphorical	0.8
color%2:41:00::	metaphorical	0.6
color%2:36:01::	literal	0.8
commit%2:32:01::	literal	0.8
commit%2:40:02::	literal	0.8
commit%2:41:01::	literal	0.9
communicate%2:32:01::	literal	0.9
communicate%2:32:00::	literal	0.9
communicate%2:40:10::	literal	0.6
communicate%2:35:00::	metaphorical	0.8
communicate%2:32:02::	literal	0.8
compare%2:31:00::	literal	0.9
compare%2:42:00::	literal	0.9
compare%2:31:01::	literal	0.9
compose%2:42:00::	metaphorical	0.5
compose%2:36:03::	literal	0.9
compose%2:37:00::	literal	0.6
computerize%2:40:01::	literal	0.8
computerize%2:40:00::	literal	0.8
computerize%2:36:00::	literal	0.9167
condemn%2:32:00::	literal	0.9
condemn%2:32:02::	literal	0.8
condemn%2:41:00::	metaphorical	0.6
condemn%2:39:00::	literal	0.6
condemn%2:32:01::	literal	0.8
condemn%2:40:00::	literal	0.8
condense%2:30:00::	literal	0.7
condense%2:30:03::	literal	0.8
condense%2:30:06::	metaphorical	0.6
condense%2:30:07::	literal	0.7
condense%2:30:04::	literal	0.8
conduct%2:41:00::	literal	0.7
conduct%2:36:00::	literal	0.9
conduct%2:36:04::	literal	0.9
confirm%2:31:00::	literal	0.8
confirm%2:32:00::	literal	0.9
confirm%2:41:01::	literal	0.9
confirm%2:41:00::	literal	0.7
confront%2:33:00::	literal	0.9
confront%2:32:00::	literal	0.7
confront%2:32:03::	literal	0.8
confront%2:42:00::	literal	0.8
confuse%2:31:03::	literal	0.9
confuse%2:37:00::	literal	1.0
confuse%2:31:01::	literal	0.7
consider%2:39:00::	literal	0.9
consider%2:32:00::	literal	0.8
consider%2:32:02::	literal	0.9
consider%2:31:05::	literal	0.9
consolidate%2:30:00::	literal	0.8
consolidate%2:30:02::	literal	0.7
consolidate%2:30:01::	literal	0.9
consolidate%2:30:04::	literal	0.9
consolidate%2:30:03::	literal	0.9
constitutionalize%2:40:00::	literal	0.9
constitutionalize%2:38:00::	literal	0.7
constitutionalize%2:30:00::	literal	0.7
construct%2:35:00::	literal	0.9
construct%2:36:03::	literal	0.8
construct%2:36:02::	literal	0.6
consume%2:35:00::	metaphorical	0.6
consume%2:34:01::	literal	0.6
consume%2:31:00::	literal	0.6
continue%2:42:01::	literal	0.9
continue%2:30:10::	literal	0.9
continue%2:41:00::	literal	0.7
continue%2:42:12::	literal	0.9
continue%2:42:11::	literal	0.9
converge%2:38:00::	literal	0.7273
converge%2:30:00::	metaphorical	0.5
convulse%2:32:00::	metaphorical	0.7
convulse%2:38:01::	literal	0.6
convulse%2:35:01::	literal	0.9
convulse%2:35:00::	literal	0.9
cook%2:36:01::	literal	1.0
cook%2:30:00::	literal	1.0
cook%2:30:03::	literal	0.9
correct%2:42:03::	literal	0.8
correct%2:38:03::	metaphorical	0.5
correct%2:29:04::	literal	0.7
count%2:32:00::	literal	1.0
count%2:32:01::	literal	1.0
count%2:42:01::	literal	0.7
count%2:31:00::	literal	0.7
count%2:42:04::	literal	0.7
count%2:31:02::	metaphorical	0.6
crawl%2:38:00::	literal	1.0
crawl%2:42:01::	metaphorical	0.8
crawl%2:42:00::	metaphorical	0.6
crawl%2:38:01::	literal	1.0
credit%2:31:01::	literal	0.6
credit%2:31:12::	literal	0.8
credit%2:40:00::	literal	0.9
crown%2:41:00::	literal	0.9
crown%2:30:01::	metaphorical	0.7
crown%2:42:00::	metaphorical	0.7
crush%2:35:00::	literal	1.0
crush%2:30:00::	literal	0.9
crush%2:37:00::	metaphorical	0.8
crush%2:30:08::	literal	0.9
culminate%2:30:00::	metaphorical	0.5
culminate%2:30:03::	metaphorical	0.6
culminate%2:30:02::	literal	0.6
curl%2:30:00::	metaphorical	0.5
curl%2:38:00::	metaphorical	0.5
curl%2:35:00::	literal	1.0
dance%2:38:01::	literal	0.9
dance%2:36:00::	literal	0.9583
dance%2:38:02::	literal	0.8
dash%2:38:00::	literal	0.8
dash%2:35:02::	literal	0.7
dash%2:41:00::	metaphorical	0.5
dash%2:37:00::	metaphorical	0.6
dash%2:30:01::	literal	0.6
date%2:31:02::	literal	1.0
date%2:31:00::	literal	0.7
date%2:31:01::	literal	0.9
dawn%2:31:13::	metaphorical	0.7
dawn%2:42:01::	metaphorical	0.7
dawn%2:30:00::	literal	0.8
debut%2:36:02::	literal	0.8
debut%2:36:00::	literal	0.8
debut%2:36:01::	literal	0.9
decide%2:31:00::	literal	0.9
decide%2:31:01::	literal	0.9
decide%2:31:02::	literal	0.8
decide%2:31:06::	literal	0.8
declare%2:32:00::	literal	0.9
declare%2:32:05::	literal	0.9
declare%2:32:01::	literal	0.9
declare%2:32:04::	literal	0.9
declare%2:32:03::	literal	0.9
declare%2:32:06::	literal	0.8
decline%2:32:00::	literal	0.7
decline%2:38:00::	literal	0.9
decline%2:32:01::	literal	0.8
deflate%2:35:00::	literal	1.0
deflate%2:32:00::	metaphorical	0.6
deflate%2:30:11::	metaphorical	1.0
deflate%2:30:10::	metaphorical	0.7
deflate%2:30:00::	literal	1.0
deform%2:35:00::	literal	0.9
deform%2:30:00::	literal	0.9
deform%2:30:01::	literal	0.9
dehydrate%2:30:02::	literal	1.0
dehydrate%2:30:01::	literal	0.92
dehydrate%2:30:00::	literal	1.0
demand%2:32:00::	literal	0.8
demand%2:32:02::	literal	1.0
demand%2:32:06::	literal	0.9
denote%2:32:01::	literal	0.7
denote%2:32:00::	literal	0.6
denote%2:32:02::	literal	0.7
depress%2:37:00::	literal	0.6
depress%2:38:00::	metaphorical	0.6
depress%2:35:12::	metaphorical	0.6
depress%2:30:00::	literal	0.6
desert%2:31:00::	literal	0.8
desert%2:41:00::	literal	1.0
desert%2:38:02::	literal	0.7
design%2:31:00::	literal	0.7
design%2:36:01::	literal	1.0
design%2:36:00::	literal	0.6
design%2:36:07::	literal	0.8947
design%2:36:09::	metaphorical	0.6
design%2:31:06::	literal	0.5417
devour%2:35:00::	metaphorical	0.7
devour%2:37:00::	metaphorical	1.0
devour%2:34:00::	literal	0.9
digest%2:34:00::	literal	1.0
digest%2:31:00::	metaphorical	0.6
digest%2:30:02::	literal	0.9
digest%2:30:01::	metaphorical	0.8
discolor%2:30:01::	literal	0.9
discolor%2:30:02::	literal	1.0
discolor%2:30:00::	literal	1.0
dismiss%2:32:00::	literal	0.8
dismiss%2:32:02::	literal	0.9
dismiss%2:32:01::	literal	1.0
distil%2:30:04::	literal	0.7
distil%2:30:02::	literal	0.9
distil%2:29:00::	literal	0.9
distill%2:30:02::	literal	0.8
distill%2:30:04::	literal	0.9
distill%2:29:00::	literal	0.9
divide%2:41:00::	literal	1.0
divide%2:31:00::	literal	0.8
divide%2:42:00::	literal	0.7
double%2:30:00::	literal	0.9
double%2:38:00::	literal	0.6
double%2:35:01::	literal	0.7
down%2:34:00::	metaphorical	0.7
down%2:34:01::	metaphorical	0.7
down%2:35:00::	metaphorical	0.5
downsize%2:41:00::	metaphorical	0.5
downsize%2:30:01::	metaphorical	0.5
downsize%2:30:00::	literal	0.7
drain%2:38:00::	literal	0.9
drain%2:34:00::	metaphorical	0.8
drain%2:30:01::	literal	0.9
drain%2:30:04::	metaphorical	0.9091
drift%2:30:00::	literal	1.0
drift%2:42:03::	metaphorical	1.0
drift%2:42:00::	metaphorical	0.6
drift%2:38:05::	metaphorical	0.5
drift%2:38:06::	literal	0.9
drift%2:35:03::	literal	0.7
drift%2:30:10::	metaphorical	0.6
drink%2:34:00::	literal	0.9
drink%2:34:01::	literal	1.0
drink%2:31:00::	metaphorical	0.7
drink%2:34:02::	literal	1.0
drown%2:35:00::	metaphorical	0.7
drown%2:30:02::	metaphorical	0.7
drown%2:30:00::	literal	1.0
drown%2:30:01::	literal	1.0
dull%2:35:01::	literal	0.8
dull%2:30:00::	literal	0.9
dull%2:35:02::	literal	0.8
dull%2:30:01::	metaphorical	0.8
dump%2:40:00::	literal	0.9
dump%2:40:02::	metaphorical	0.7
dump%2:38:00::	literal	0.9
ease%2:38:00::	literal	0.7
ease%2:29:00::	literal	0.9
ease%2:37:00::	literal	0.6
eat%2:34:00::	literal	1.0
eat%2:34:01::	literal	1.0
eat%2:34:02::	literal	1.0
emerge%2:30:00::	literal	0.8
emerge%2:30:01::	metaphorical	0.7
emerge%2:38:00::	literal	0.7
end%2:30:01::	literal	0.96
end%2:42:01::	literal	0.6957
end%2:36:13::	literal	0.8
engrave%2:35:00::	literal	1.0
engrave%2:37:00::	metaphorical	0.8
engrave%2:35:01::	literal	1.0
erase%2:30:00::	metaphorical	0.6
erase%2:35:00::	literal	1.0
erase%2:32:00::	literal	0.9
erupt%2:30:02::	metaphorical	0.5
erupt%2:30:04::	metaphorical	0.5
erupt%2:30:00::	literal	1.0
erupt%2:30:06::	metaphorical	0.5
escape%2:38:00::	literal	0.9
escape%2:41:00::	metaphorical	0.5
escape%2:30:04::	literal	0.7
excavate%2:39:00::	literal	0.9
excavate%2:35:02::	literal	1.0
excavate%2:35:01::	literal	0.9
exclude%2:31:01::	literal	0.9
exclude%2:42:00::	literal	0.9
exclude%2:35:00::	literal	0.9
excuse%2:32:00::	literal	0.8
excuse%2:32:04::	literal	0.9
excuse%2:32:03::	literal	0.8
excuse%2:32:02::	literal	0.8
execute%2:41:00::	literal	0.9
execute%2:41:01::	literal	0.9
execute%2:36:00::	literal	0.6
execute%2:41:03::	literal	0.6
execute%2:32:00::	literal	0.6
exhaust%2:29:00::	literal	0.7
exhaust%2:40:00::	metaphorical	0.8
exhaust%2:30:00::	metaphorical	0.7
expect%2:31:00::	literal	0.8
expect%2:31:01::	literal	0.8
expect%2:31:05::	literal	0.9
expect%2:29:02::	literal	0.6
explode%2:30:01::	literal	0.9
explode%2:30:00::	literal	0.9
explode%2:31:00::	metaphorical	0.8
explode%2:35:00::	literal	1.0
exploit%2:34:00::	literal	0.8
exploit%2:34:01::	literal	0.7
exploit%2:41:00::	literal	0.9
express%2:32:03::	literal	0.6667
express%2:39:09::	metaphorical	0.7
express%2:35:11::	literal	0.6
express%2:32:09::	literal	0.7
face%2:42:02::	literal	0.7
face%2:38:00::	metaphorical	0.5
face%2:35:00::	metaphorical	0.5
face%2:35:01::	metaphorical	0.5
factor%2:31:00::	literal	0.7
factor%2:40:00::	literal	0.8
factor%2:31:01::	literal	0.7
fasten%2:35:01::	literal	0.9
fasten%2:35:00::	literal	0.8
fasten%2:35:03::	metaphorical	0.6
fear%2:37:03::	literal	0.8
fear%2:37:00::	literal	0.7
fear%2:37:02::	literal	0.6
fear%2:37:13::	literal	0.6
ferment%2:37:01::	metaphorical	0.7
ferment%2:37:00::	metaphorical	0.6
ferment%2:30:01::	literal	1.0
fill%2:30:01::	metaphorical	0.6
fill%2:30:00::	literal	0.9
fill%2:42:00::	literal	0.9
fill%2:34:01::	literal	0.6
finish%2:30:02::	literal	0.7
finish%2:35:00::	literal	0.9
finish%2:30:03::	literal	0.6
fire%2:41:00::	literal	0.7
fire%2:38:02::	literal	0.6
fire%2:40:00::	literal	0.8
fit%2:42:02::	literal	0.9
fit%2:30:01::	literal	0.9
fit%2:30:02::	literal	0.9
fit%2:42:03::	literal	0.8
flap%2:38:00::	literal	0.8
flap%2:38:03::	literal	0.9
flap%2:38:02::	literal	1.0
flare%2:43:00::	metaphorical	0.6
flare%2:30:00::	literal	0.6
flare%2:43:01::	metaphorical	0.8
flash%2:39:00::	literal	1.0
flash%2:30:03::	literal	0.7
flash%2:32:00::	metaphorical	0.7
flash%2:39:02::	metaphorical	0.5
flash%2:30:04::	literal	0.9
flick%2:39:00::	literal	0.6
flick%2:35:03::	literal	0.8
flick%2:35:01::	metaphorical	0.6
float%2:38:02::	literal	0.9
float%2:41:03::	metaphorical	0.7
float%2:38:04::	metaphorical	0.7
float%2:31:00::	metaphorical	0.7
flood%2:30:00::	literal	1.0
flood%2:40:00::	metaphorical	0.7
flood%2:30:01::	literal	0.9
flow%2:38:01::	metaphorical	0.7
flow%2:38:00::	literal	1.0
flow%2:38:02::	metaphorical	0.5
flow%2:42:00::	metaphorical	0.5
flush%2:30:00::	literal	0.6
flush%2:39:00::	metaphorical	0.7
flush%2:30:01::	metaphorical	0.5
form%2:41:00::	literal	0.8
form%2:42:00::	metaphorical	0.5
form%2:30:01::	metaphorical	0.6
form%2:30:05::	literal	0.7
fracture%2:30:01::	metaphorical	0.7368
fracture%2:36:00::	metaphorical	0.9
fracture%2:30:10::	literal	0.96
fracture%2:29:02::	literal	1.0
fuel%2:40:00::	literal	1.0
fuel%2:40:03::	literal	0.9
fuel%2:37:00::	metaphorical	0.7
gag%2:39:00::	metaphorical	0.7
gag%2:35:07::	literal	1.0
gag%2:32:00::	literal	0.9
gag%2:29:00::	literal	1.0
gain%2:33:00::	literal	0.7
gain%2:30:00::	literal	0.7
gain%2:30:01::	literal	0.7
gain%2:29:00::	literal	0.9
gallop%2:38:00::	literal	0.7
gallop%2:38:01::	literal	0.9
gallop%2:38:03::	literal	0.9
gather%2:32:00::	metaphorical	0.9
gather%2:35:05::	literal	0.7
gather%2:35:04::	literal	0.9
glare%2:29:00::	literal	0.8
glare%2:43:01::	metaphorical	0.7
glare%2:39:01::	metaphorical	0.7
glow%2:39:00::	literal	1.0
glow%2:39:01::	metaphorical	0.6
glow%2:43:00::	literal	0.9
glow%2:37:01::	metaphorical	0.9
govern%2:41:01::	literal	0.6
govern%2:41:00::	literal	0.9
govern%2:42:00::	metaphorical	0.5
grab%2:38:02::	literal	1.0
grab%2:35:05::	literal	1.0
grab%2:31:00::	metaphorical	0.8
gravitate%2:42:01::	metaphorical	0.7
gravitate%2:42:00::	literal	0.6
gravitate%2:38:00::	literal	0.7
grind%2:30:00::	literal	1.0
grind%2:36:05::	literal	0.9
grind%2:36:04::	literal	1.0
grope%2:35:01::	literal	1.0
grope%2:41:00::	metaphorical	0.8
grope%2:35:02::	literal	0.9
grow%2:30:14::	literal	1.0
grow%2:30:02::	literal	1.0
grow%2:30:01::	literal	1.0
guard%2:41:00::	literal	1.0
guard%2:33:00::	literal	0.7
guard%2:41:01::	metaphorical	0.8
gutter%2:43:00::	metaphorical	0.5
gutter%2:38:00::	metaphorical	0.7
gutter%2:35:00::	metaphorical	0.6
gutter%2:34:00::	literal	0.8
hack%2:41:00::	metaphorical	0.7
hack%2:35:01::	literal	0.9
hack%2:30:01::	literal	0.7
hack%2:29:00::	literal	0.6
hail%2:32:02::	literal	0.6
hail%2:42:00::	literal	0.6
hail%2:43:00::	literal	1.0
harmonize%2:42:00::	metaphorical	0.7
harmonize%2:30:03::	literal	0.7
harmonize%2:30:02::	metaphorical	0.6
head%2:38:00::	literal	0.7
head%2:41:00::	literal	0.7
head%2:38:02::	metaphorical	0.5
head%2:42:01::	metaphorical	0.5
head%2:42:05::	metaphorical	0.6
head%2:42:00::	literal	0.6
head%2:42:04::	metaphorical	0.6
heap%2:40:00::	metaphorical	0.6
heap%2:35:00::	literal	1.0
heap%2:30:00::	literal	0.8
help%2:41:00::	literal	0.9
help%2:29:00::	literal	0.9
help%2:42:00::	literal	0.8
help%2:42:08::	literal	0.8
help%2:34:00::	literal	0.9
help%2:41:12::	literal	0.8
help%2:34:04::	literal	0.8
help%2:30:13::	metaphorical	0.5
hunt%2:33:00::	literal	1.0
hunt%2:38:00::	literal	1.0
hunt%2:38:03::	literal	0.6
hunt%2:38:05::	metaphorical	0.7
hunt%2:35:03::	metaphorical	0.5
hunt%2:33:02::	literal	0.8
hurt%2:29:01::	literal	0.9
hurt%2:30:04::	literal	0.7
hurt%2:37:00::	metaphorical	0.5
hurt%2:39:01::	literal	0.9
ignite%2:43:00::	literal	0.9
ignite%2:43:01::	literal	0.9
ignite%2:37:00::	metaphorical	0.7
immigrate%2:30:01::	literal	0.7
immigrate%2:30:02::	literal	0.9
immigrate%2:30:00::	literal	0.9
impress%2:37:01::	literal	0.8
impress%2:37:00::	literal	0.9
impress%2:35:00::	literal	0.6
incline%2:39:00::	literal	0.6
incline%2:38:01::	literal	0.9
incline%2:37:00::	metaphorical	0.5
incline%2:31:03::	metaphorical	0.9
include%2:42:00::	literal	0.9
include%2:31:00::	literal	0.8
include%2:30:00::	literal	0.9
indicate%2:32:01::	literal	0.8
indicate%2:32:00::	literal	0.8
indicate%2:32:04::	literal	0.8
induct%2:41:00::	literal	0.9
induct%2:41:03::	literal	1.0
induct%2:32:00::	literal	0.68
infect%2:29:01::	literal	0.8
infect%2:41:02::	metaphorical	0.7
infect%2:31:01::	metaphorical	0.6
inflate%2:30:01::	metaphorical	0.7
inflate%2:30:11::	metaphorical	0.5
inflate%2:30:10::	metaphorical	0.6
inform%2:32:00::	literal	0.9
inform%2:30:00::	literal	0.7
inform%2:32:10::	literal	0.8
inherit%2:40:00::	literal	0.9
inherit%2:40:02::	literal	0.7
inherit%2:40:01::	literal	0.9
inject%2:29:00::	literal	1.0
inject%2:30:00::	metaphorical	0.8
inject%2:35:00::	literal	1.0
interrupt%2:32:00::	literal	0.9
interrupt%2:30:03::	literal	0.9
interrupt%2:30:04::	literal	0.9
interrupt%2:30:00::	metaphorical	0.5
intervene%2:41:00::	literal	1.0
intervene%2:42:00::	metaphorical	0.5
intervene%2:30:00::	metaphorical	0.5
introduce%2:36:00::	literal	0.9
introduce%2:36:01::	literal	0.8
introduce%2:31:00::	literal	0.7
invade%2:33:00::	literal	0.9
invade%2:38:00::	literal	0.7
invade%2:35:00::	literal	0.6
invite%2:41:00::	literal	0.9
invite%2:41:01::	literal	0.9
invite%2:35:00::	literal	0.8
invite%2:32:01::	literal	0.8
involve%2:42:04::	literal	0.7
involve%2:42:00::	literal	0.9
involve%2:42:02::	literal	0.8
involve%2:31:00::	literal	0.6
involve%2:30:00::	literal	0.6
jam%2:38:01::	literal	0.7
jam%2:35:01::	literal	0.7
jam%2:35:00::	metaphorical	0.5
join%2:41:00::	literal	0.8
join%2:35:01::	literal	0.9
join%2:41:01::	literal	0.9
join%2:35:00::	literal	0.6
juggle%2:41:01::	metaphorical	0.8
juggle%2:41:00::	metaphorical	0.9
juggle%2:35:03::	literal	1.0
key%2:40:00::	metaphorical	0.5
key%2:35:00::	literal	0.8
key%2:30:00::	metaphorical	0.5
kick%2:35:00::	literal	0.9
kick%2:35:08::	metaphorical	0.6
kick%2:33:05::	literal	0.7
kite%2:40:01::	metaphorical	0.5
kite%2:40:00::	metaphorical	0.6
kite%2:38:01::	literal	0.8
land%2:38:00::	literal	0.9
land%2:38:01::	literal	1.0
land%2:30:00::	metaphorical	0.8
land%2:38:03::	literal	0.9
land%2:40:00::	literal	0.9
land%2:38:02::	literal	0.9
land%2:38:06::	literal	1.0
lay%2:35:00::	literal	0.9
lay%2:36:00::	metaphorical	0.6
lay%2:35:02::	literal	0.8
lay%2:40:00::	metaphorical	0.6
leak%2:32:00::	metaphorical	0.6
leak%2:32:01::	metaphorical	0.7
leak%2:30:04::	literal	1.0
leak%2:30:00::	literal	1.0
lean%2:38:00::	literal	1.0
lean%2:35:00::	literal	1.0
lean%2:31:10::	metaphorical	0.6
lend%2:40:01::	literal	0.6
lend%2:40:00::	literal	0.9
lend%2:42:00::	metaphorical	0.6
level%2:33:02::	metaphorical	0.7
level%2:36:00::	literal	0.9
level%2:32:01::	metaphorical	0.7
level%2:30:00::	literal	1.0
lie%2:32:00::	literal	0.9
lie%2:42:02::	metaphorical	0.7
lie%2:38:00::	literal	1.0
lighten%2:37:01::	metaphorical	0.5
lighten%2:35:00::	literal	0.8
lighten%2:32:00::	metaphorical	0.7
lighten%2:30:02::	literal	0.7
like%2:37:05::	literal	0.9
like%2:31:00::	literal	0.8
like%2:37:06::	literal	0.9
line%2:42:00::	literal	0.6
line%2:35:02::	metaphorical	0.8
line%2:30:01::	literal	0.8
live%2:42:08::	literal	0.9
live%2:42:06::	literal	0.8
live%2:42:07::	literal	0.7
load%2:35:01::	literal	1.0
load%2:35:02::	literal	1.0
load%2:35:10::	literal	1.0
locate%2:40:00::	literal	0.9545
locate%2:42:00::	literal	0.9
locate%2:40:01::	literal	0.9524
lock%2:35:00::	literal	0.9
lock%2:30:00::	literal	0.52
lock%2:35:04::	metaphorical	0.8
lock%2:35:03::	metaphorical	0.7
lock%2:37:00::	metaphorical	1.0
lock%2:35:02::	literal	0.7
look%2:39:00::	literal	0.9
look%2:29:00::	literal	0.8
look%2:39:02::	literal	1.0
look%2:42:00::	metaphorical	0.8
look%2:32:00::	literal	0.6
look%2:42:02::	literal	0.7
loop%2:38:01::	metaphorical	0.5
loop%2:38:00::	metaphorical	0.6
loop%2:35:01::	literal	0.7
map%2:36:00::	literal	0.8
map%2:31:01::	literal	0.7
map%2:36:01::	metaphorical	0.7
march%2:38:04::	literal	0.9
march%2:38:00::	literal	0.6
march%2:38:10::	literal	0.7
match%2:40:00::	literal	0.9
match%2:41:00::	literal	0.8
match%2:33:00::	literal	0.6
match%2:30:00::	literal	0.9545
mean%2:32:01::	literal	0.6
mean%2:42:00::	literal	0.8
mean%2:31:05::	literal	0.6
mellow%2:30:01::	literal	0.6
mellow%2:30:03::	literal	0.6
mellow%2:30:00::	metaphorical	0.5
melt%2:30:01::	literal	1.0
melt%2:30:00::	literal	0.9
melt%2:30:02::	metaphorical	0.7
melt%2:30:10::	metaphorical	0.7
miss%2:39:00::	literal	0.8
miss%2:37:00::	literal	0.6
miss%2:42:01::	literal	0.9
miss%2:31:00::	literal	0.7
miss%2:38:00::	literal	0.9
miss%2:35:00::	literal	0.8
miss%2:42:02::	literal	0.9
miss%2:32:00::	literal	0.9
moderate%2:32:00::	literal	0.8
moderate%2:41:00::	literal	0.9
moderate%2:32:06::	literal	0.8
mold%2:30:00::	literal	0.7
mold%2:36:01::	literal	0.7
mold%2:35:00::	metaphorical	0.7
mount%2:35:00::	literal	0.9
mount%2:30:01::	literal	0.9
mount%2:36:00::	metaphorical	0.5
mount%2:36:01::	metaphorical	0.7
nag%2:32:00::	literal	0.8
nag%2:37:00::	metaphorical	0.5
nag%2:31:00::	literal	0.7
name%2:32:03::	literal	1.0
name%2:32:02::	literal	0.9
name%2:41:01::	literal	0.6
name%2:32:07::	literal	1.0
name%2:32:04::	literal	1.0
negociate%2:40:02::	literal	0.7
negociate%2:38:00::	metaphorical	0.5
negociate%2:32:01::	literal	1.0
neutralize%2:41:00::	metaphorical	0.5
neutralize%2:30:01::	metaphorical	0.6
neutralize%2:30:00::	literal	0.7
nod%2:32:01::	literal	0.9
nod%2:32:00::	literal	1.0
nod%2:29:03::	literal	0.6
nod%2:38:00::	metaphorical	0.8
nod%2:29:02::	literal	1.0
note%2:39:00::	literal	0.6
note%2:39:02::	literal	0.6
note%2:32:01::	literal	0.7
offset%2:42:01::	literal	0.9
offset%2:42:00::	literal	0.7
offset%2:36:00::	literal	0.6
oppose%2:32:01::	literal	0.9
oppose%2:33:01::	literal	0.9
oppose%2:32:00::	literal	0.9
ordain%2:41:01::	literal	1.0
ordain%2:41:00::	literal	1.0
ordain%2:41:02::	literal	0.9565
orient%2:39:00::	literal	0.8
orient%2:32:01::	literal	0.8
orient%2:30:00::	literal	0.6
paint%2:36:01::	literal	1.0
paint%2:35:00::	literal	1.0
paint%2:36:00::	literal	0.8
palpitate%2:38:02::	metaphorical	0.5
palpitate%2:38:01::	literal	1.0
palpitate%2:38:00::	literal	0.9
paste%2:35:01::	literal	1.0
paste%2:35:00::	metaphorical	0.7
paste%2:35:02::	literal	0.8
peep%2:39:00::	literal	0.8
peep%2:39:01::	metaphorical	0.6
peep%2:30:00::	metaphorical	0.9
penetrate%2:35:00::	literal	1.0
penetrate%2:38:06::	literal	0.619
perturb%2:37:00::	literal	0.9
perturb%2:38:01::	metaphorical	0.5
perturb%2:38:00::	metaphorical	0.5
perturb%2:30:00::	metaphorical	0.6
piece%2:35:00::	literal	0.9
piece%2:34:00::	metaphorical	0.5
piece%2:30:00::	literal	0.9
pierce%2:37:00::	metaphorical	0.9
pierce%2:39:00::	metaphorical	1.0
pierce%2:35:00::	literal	1.0
pin%2:35:03::	literal	0.8
pin%2:35:01::	literal	1.0
pin%2:35:02::	literal	1.0
ping%2:35:00::	literal	0.8
ping%2:39:01::	literal	0.8
ping%2:39:00::	literal	0.9
ping%2:32:01::	metaphorical	0.5
ping%2:32:00::	literal	0.6
plaster%2:35:11::	literal	0.7
plaster%2:35:10::	literal	0.8
plaster%2:35:02::	literal	0.8
plead%2:32:00::	literal	0.8
plead%2:32:02::	literal	0.7
plead%2:32:01::	literal	0.9
please%2:37:00::	literal	0.7
please%2:37:01::	literal	0.6
please%2:37:03::	literal	0.7
pledge%2:32:00::	literal	0.8
pledge%2:40:04::	literal	0.9
pledge%2:32:01::	literal	0.6
plunge%2:38:01::	literal	0.6
plunge%2:38:05::	literal	0.6
plunge%2:31:01::	metaphorical	0.7
plunge%2:38:00::	literal	0.9
poison%2:41:00::	metaphorical	0.8
poison%2:35:00::	literal	1.0
poison%2:30:00::	literal	1.0
poison%2:35:01::	literal	1.0
poison%2:29:00::	literal	1.0
port%2:38:06::	literal	0.8
port%2:38:05::	literal	1.0
port%2:38:03::	literal	1.0
port%2:35:07::	literal	1.0
port%2:34:00::	metaphorical	0.5
portray%2:32:00::	literal	0.7
portray%2:36:00::	literal	0.8
portray%2:36:02::	literal	0.8
pose%2:42:00::	metaphorical	0.6
pose%2:39:00::	literal	0.9
pose%2:32:13::	literal	0.8
pound%2:35:00::	literal	0.9
pound%2:35:06::	metaphorical	0.5
pound%2:35:05::	metaphorical	0.6
pound%2:35:04::	literal	0.6
pound%2:30:03::	literal	1.0
pour%2:38:03::	literal	0.9
pour%2:38:00::	metaphorical	0.7391
pour%2:38:02::	literal	1.0
pour%2:40:00::	metaphorical	1.0
pour%2:43:00::	metaphorical	0.5
precede%2:42:00::	literal	0.7
precede%2:42:01::	literal	0.9
precede%2:41:00::	literal	0.8
precede%2:32:03::	literal	0.6
precipitate%2:36:00::	metaphorical	0.6
precipitate%2:38:01::	metaphorical	0.5
precipitate%2:35:00::	metaphorical	0.5
predicate%2:32:02::	literal	0.8
predicate%2:32:00::	literal	0.8
predicate%2:32:01::	literal	0.8
preserve%2:42:00::	metaphorical	0.5
preserve%2:40:00::	literal	0.8
preserve%2:42:07::	literal	0.8
prick%2:35:00::	literal	1.0
prick%2:39:00::	literal	1.0
prick%2:38:00::	literal	0.7
prick%2:37:00::	metaphorical	0.7
process%2:31:00::	literal	0.9
process%2:41:00::	metaphorical	0.5
process%2:38:00::	literal	0.8
process%2:35:00::	literal	0.7
produce%2:36:02::	literal	0.9
produce%2:36:00::	literal	0.8
produce%2:36:03::	literal	0.9
produce%2:39:01::	literal	0.7
produce%2:36:05::	literal	0.8
profess%2:32:00::	literal	0.8
profess%2:32:03::	literal	0.8
profess%2:32:10::	literal	0.8
profess%2:32:01::	literal	0.7
profess%2:32:04::	literal	0.9
propagate%2:40:00::	literal	0.8
propagate%2:38:01::	literal	0.6
propagate%2:35:00::	literal	0.6
propagate%2:35:01::	literal	0.7
provide%2:40:00::	literal	1.0
provide%2:34:00::	literal	0.9
provide%2:32:00::	literal	0.8
provide%2:40:08::	literal	0.9
provide%2:30:05::	literal	0.8
puff%2:37:00::	metaphorical	0.7
puff%2:32:01::	metaphorical	0.8
puff%2:32:00::	metaphorical	0.6
puff%2:30:00::	literal	0.9
puff%2:29:01::	literal	0.7
pump%2:33:00::	metaphorical	0.65
pump%2:38:03::	literal	0.6
pump%2:32:00::	metaphorical	0.9167
push%2:38:00::	literal	1.0
push%2:35:06::	literal	0.9
push%2:32:01::	metaphorical	0.7
push%2:32:00::	metaphorical	0.7
push%2:38:02::	literal	1.0
push%2:38:01::	metaphorical	0.7
push%2:41:10::	metaphorical	0.7
push%2:40:00::	metaphorical	0.7
push%2:38:08::	literal	0.8
put%2:35:05::	literal	0.7
put%2:32:00::	literal	0.7
put%2:34:00::	metaphorical	0.5
put%2:31:13::	literal	0.7
put%2:39:13::	literal	0.7
put%2:36:13::	literal	0.8
put%2:31:00::	literal	0.8
quote%2:32:00::	literal	0.9
quote%2:32:13::	literal	0.9
quote%2:32:02::	literal	0.9
radiate%2:43:00::	literal	0.9
radiate%2:30:00::	metaphorical	0.5
radiate%2:42:00::	literal	0.7
radiate%2:30:02::	literal	0.7
raid%2:41:00::	literal	0.9
raid%2:38:00::	literal	0.9
raid%2:40:02::	literal	0.7
raid%2:35:02::	metaphorical	0.6
rail%2:42:00::	metaphorical	0.5
rail%2:38:01::	literal	0.8
rail%2:38:04::	literal	0.8
rail%2:38:00::	literal	0.8
rail%2:35:03::	literal	0.8
rail%2:33:00::	metaphorical	0.7
ramp%2:40:00::	metaphorical	0.5
ramp%2:39:00::	literal	0.6
ramp%2:38:02::	literal	0.7
range%2:42:01::	literal	0.7
rationalize%2:32:00::	metaphorical	0.5
rationalize%2:40:00::	literal	0.8
rationalize%2:31:00::	literal	0.7
rationalize%2:30:01::	literal	0.7
reach%2:35:00::	metaphorical	0.6
reach%2:32:00::	literal	0.6
reach%2:42:00::	literal	0.7
recall%2:32:02::	literal	0.8
recall%2:31:06::	literal	0.7
recall%2:41:00::	literal	0.8
recall%2:40:00::	literal	0.9
recapture%2:37:00::	metaphorical	0.7
recapture%2:36:00::	literal	0.5556
recapture%2:40:00::	literal	0.9
recapture%2:35:00::	literal	1.0
recast%2:36:00::	literal	0.7
recast%2:36:01::	literal	0.7
recast%2:36:02::	literal	0.52
recruit%2:41:01::	literal	1.0
recruit%2:40:00::	literal	0.8696
recruit%2:33:00::	literal	0.9091
redouble%2:30:00::	literal	0.8
redouble%2:30:02::	literal	0.8
redouble%2:30:01::	literal	0.6
redound%2:39:00::	metaphorical	0.8
redound%2:30:00::	metaphorical	0.8
redound%2:30:01::	metaphorical	0.5
reenact%2:36:01::	literal	0.9
reenact%2:41:00::	literal	0.7
reenact%2:36:00::	literal	0.9
refer%2:42:00::	literal	0.8
refer%2:31:00::	literal	0.8
refer%2:38:00::	literal	0.9
refer%2:32:04::	literal	0.7
refine%2:30:01::	literal	0.7
refine%2:30:06::	literal	0.7
refine%2:30:03::	literal	0.7
refine%2:30:05::	literal	0.8
reflect%2:39:01::	metaphorical	0.5
reflect%2:39:00::	literal	0.6
reflect%2:43:00::	literal	0.7
reflect%2:39:02::	literal	1.0
reflect%2:32:01::	metaphorical	0.8
reflect%2:32:00::	metaphorical	0.9
reform%2:30:00::	literal	0.8
reform%2:30:04::	metaphorical	0.5
reform%2:30:08::	literal	0.6
reform%2:30:03::	literal	0.9
register%2:31:00::	literal	0.6
register%2:41:01::	literal	0.9
register%2:39:00::	literal	0.9
register%2:39:01::	literal	0.7
register%2:32:05::	literal	0.9
rejuvenate%2:30:03::	literal	0.7
rejuvenate%2:30:00::	literal	0.8
rejuvenate%2:29:00::	literal	0.6
relate%2:32:00::	metaphorical	0.6
relate%2:42:01::	literal	0.7
relate%2:41:00::	literal	0.7
relax%2:29:00::	literal	0.9
relax%2:30:01::	literal	0.7
relax%2:29:01::	literal	0.9
relax%2:41:02::	literal	0.9
relax%2:41:01::	metaphorical	0.6
relax%2:41:00::	metaphorical	0.8
remember%2:31:00::	literal	0.9
remember%2:31:02::	literal	0.9
remember%2:40:00::	literal	0.9
remember%2:32:07::	literal	0.9
remember%2:31:08::	literal	0.9
remember%2:31:09::	literal	0.9
remit%2:32:00::	literal	0.9
remit%2:32:04::	literal	0.7
remit%2:30:02::	literal	0.8
repair%2:30:00::	literal	1.0
repair%2:40:00::	literal	0.7
repair%2:38:00::	metaphorical	0.5
replace%2:30:00::	literal	0.9
replace%2:41:00::	literal	0.9
replace%2:35:00::	literal	1.0
replace%2:40:00::	literal	1.0
report%2:32:04::	literal	0.9
report%2:32:03::	literal	0.8
report%2:32:01::	literal	0.9
report%2:32:13::	literal	0.8
report%2:32:02::	literal	0.9
repose%2:34:00::	literal	0.7
repose%2:35:00::	literal	0.7
repose%2:35:03::	literal	0.6
reseat%2:40:01::	literal	0.9
reseat%2:40:00::	literal	0.6
reseat%2:35:00::	literal	0.8
restore%2:41:01::	literal	0.8
restore%2:30:00::	literal	0.6
restore%2:41:00::	literal	0.9
retain%2:42:00::	literal	0.9
retain%2:40:00::	literal	0.9
retain%2:31:00::	literal	0.9
retrofit%2:40:00::	literal	0.9
retrofit%2:35:00::	literal	0.9
retrofit%2:30:00::	literal	0.8
review%2:31:00::	literal	0.9
review%2:32:00::	literal	0.9
review%2:31:04::	literal	0.8
review%2:31:01::	literal	0.8
revive%2:29:01::	literal	0.8
revive%2:29:00::	metaphorical	0.6
revive%2:30:00::	metaphorical	0.5
revive%2:30:01::	literal	0.6
right%2:41:00::	literal	0.8
right%2:38:03::	literal	0.9
right%2:38:00::	literal	0.6
rip%2:35:00::	literal	0.9583
rip%2:38:00::	metaphorical	0.8
rip%2:32:00::	metaphorical	1.0
root%2:30:00::	literal	0.9
root%2:42:00::	metaphorical	0.6
root%2:35:00::	literal	0.9
rotate%2:41:00::	literal	0.6
rotate%2:33:00::	metaphorical	0.6
rotate%2:30:04::	literal	0.8
rubricate%2:41:03::	literal	0.8
rubricate%2:36:01::	literal	0.9
rubricate%2:36:00::	literal	0.8
ruffle%2:37:00::	metaphorical	0.7
ruffle%2:37:01::	metaphorical	1.0
ruffle%2:35:01::	literal	0.8
ruffle%2:35:02::	literal	0.6
ruffle%2:35:00::	literal	0.8
ruin%2:35:00::	literal	0.8
ruin%2:41:00::	literal	0.7
ruin%2:35:01::	literal	0.8
sail%2:38:03::	literal	1.0
sail%2:38:00::	literal	1.0
sail%2:38:02::	literal	0.9
salt%2:35:00::	metaphorical	0.7
salt%2:30:01::	metaphorical	1.0
salt%2:30:00::	literal	1.0
salute%2:32:00::	literal	1.0
salute%2:32:03::	metaphorical	0.5
salute%2:39:00::	metaphorical	0.9
salute%2:32:01::	literal	1.0
scale%2:42:00::	literal	0.8
scale%2:40:00::	literal	0.8
scale%2:38:01::	literal	0.8
scale%2:30:01::	literal	0.8
scan%2:39:01::	literal	1.0
scan%2:39:00::	literal	0.8
scan%2:35:00::	metaphorical	0.5
scorch%2:30:03::	metaphorical	0.5
scorch%2:30:05::	literal	1.0
scorch%2:30:04::	metaphorical	0.6
score%2:33:00::	literal	0.8
score%2:35:00::	literal	0.6
score%2:33:01::	literal	1.0
score%2:31:05::	literal	0.9
scrape%2:35:00::	literal	1.0
scrape%2:36:00::	literal	0.8
scrape%2:35:03::	metaphorical	0.6
screen%2:41:01::	metaphorical	0.6
screen%2:31:00::	literal	0.6
screen%2:41:00::	literal	0.7
seat%2:35:00::	literal	0.9
seat%2:42:00::	literal	1.0
seat%2:35:01::	literal	0.6
seat%2:35:02::	literal	1.0
seem%2:39:00::	literal	0.9
seem%2:39:01::	literal	0.7
seem%2:42:00::	literal	0.9
seem%2:39:02::	literal	0.8
segregate%2:41:00::	literal	0.9
segregate%2:35:02::	literal	0.8
segregate%2:30:00::	literal	0.7
seize%2:35:00::	literal	0.8
seize%2:35:01::	literal	0.9
seize%2:40:01::	literal	0.9
seize%2:40:02::	literal	0.8
seize%2:31:04::	metaphorical	0.6
sell%2:42:00::	literal	0.9
sell%2:32:00::	metaphorical	0.75
sell%2:40:01::	literal	1.0
sense%2:39:02::	literal	0.7
sense%2:31:03::	literal	0.7
sense%2:31:02::	literal	0.6
sensitize%2:30:00::	literal	0.7
sensitize%2:39:00::	metaphorical	0.6
sensitize%2:30:02::	literal	0.8
sensitize%2:30:01::	literal	0.7
sequester%2:40:01::	literal	0.6
sequester%2:30:06::	literal	0.7
sequester%2:30:00::	literal	0.7
sequester%2:30:01::	literal	0.7
shake%2:30:00::	metaphorical	0.875
shake%2:38:04::	metaphorical	1.0
shake%2:30:01::	literal	1.0
sharpen%2:30:01::	metaphorical	0.8
sharpen%2:30:00::	metaphorical	0.8
sharpen%2:30:05::	metaphorical	0.7
shed%2:35:01::	metaphorical	0.7
shed%2:35:02::	literal	0.625
shed%2:29:00::	literal	0.9
shipwreck%2:41:00::	metaphorical	0.9
shipwreck%2:39:00::	literal	0.8889
shipwreck%2:35:00::	literal	0.9
shorten%2:30:01::	literal	0.8
shorten%2:30:02::	literal	0.7
shorten%2:30:09::	literal	1.0
shorten%2:30:00::	literal	0.8
shower%2:40:00::	metaphorical	0.8
shower%2:35:00::	literal	0.7
shower%2:29:00::	literal	1.0
shower%2:43:00::	literal	0.7
shower%2:34:12::	metaphorical	0.7
sift%2:38:00::	metaphorical	0.7
sift%2:35:02::	metaphorical	0.7
sift%2:31:00::	metaphorical	0.8
sign%2:32:02::	literal	0.9
sign%2:32:00::	literal	0.7
sign%2:41:01::	metaphorical	0.5
sign%2:32:01::	metaphorical	0.7
sign%2:35:02::	literal	0.6667
sign%2:32:04::	literal	0.8
sing%2:36:00::	literal	1.0
sing%2:32:08::	literal	0.8
sing%2:32:00::	metaphorical	0.8
sit%2:38:01::	metaphorical	0.7
sit%2:42:05::	metaphorical	0.6
sit%2:41:05::	metaphorical	0.6
smash%2:35:00::	metaphorical	0.6
smash%2:38:02::	literal	0.8
smash%2:35:05::	literal	0.9
smash%2:33:00::	metaphorical	0.7
smother%2:35:02::	literal	0.6
smother%2:35:00::	literal	1.0
smother%2:42:00::	metaphorical	0.5
snort%2:32:00::	metaphorical	0.5
snort%2:29:00::	literal	0.9
snort%2:34:02::	literal	0.8
socialize%2:41:01::	literal	0.8
socialize%2:41:00::	literal	0.9
socialize%2:30:01::	literal	0.8
socialize%2:30:00::	literal	0.6
solicit%2:32:00::	literal	0.8261
solicit%2:32:01::	literal	0.8571
solicit%2:32:04::	literal	0.8571
solicit%2:32:05::	literal	0.9167
sound%2:39:06::	literal	0.8
sound%2:39:03::	literal	0.9
sound%2:39:01::	literal	0.8
sow%2:35:00::	literal	1.0
sow%2:32:00::	metaphorical	0.8
sow%2:35:02::	literal	0.8
spat%2:43:00::	literal	0.6
spat%2:35:01::	literal	0.7
spat%2:35:00::	literal	0.6
specialize%2:30:00::	literal	0.8
specialize%2:30:01::	literal	0.9
specialize%2:41:00::	literal	0.9
spell%2:32:00::	literal	1.0
spell%2:32:01::	metaphorical	0.8
spell%2:36:00::	literal	1.0
spell%2:41:00::	metaphorical	0.6
spell%2:30:00::	metaphorical	0.5
splash%2:35:01::	literal	1.0
splash%2:35:00::	literal	0.9
splash%2:35:06::	metaphorical	0.7
splash%2:39:00::	literal	1.0
spot%2:35:00::	literal	0.8
spot%2:30:01::	literal	0.6
spot%2:30:00::	literal	0.8
spray%2:35:01::	literal	1.0
spray%2:35:00::	literal	1.0
spray%2:35:03::	literal	1.0
spread%2:35:00::	literal	0.6
spread%2:35:13::	literal	1.0
spread%2:35:07::	literal	0.6
spread%2:42:00::	literal	0.9
spread%2:38:00::	literal	1.0
spread%2:35:12::	literal	1.0
square%2:30:00::	literal	0.8
square%2:38:00::	metaphorical	0.7
square%2:42:00::	metaphorical	0.7
stagger%2:38:00::	literal	0.9
stagger%2:38:01::	literal	0.9048
stagger%2:35:00::	literal	0.7222
stagger%2:37:00::	metaphorical	0.7895
stagnate%2:42:01::	literal	0.7
stagnate%2:42:02::	literal	0.9
stagnate%2:42:00::	literal	0.9
stagnate%2:41:00::	literal	0.7
stall%2:38:00::	literal	0.9
stall%2:30:00::	literal	0.8
stall%2:38:01::	literal	0.9
stamp%2:35:01::	metaphorical	0.5
stamp%2:39:00::	metaphorical	0.6
stamp%2:35:02::	literal	1.0
stamp%2:35:04::	metaphorical	0.5
stampede%2:38:01::	literal	0.8
stampede%2:41:01::	metaphorical	0.5
stampede%2:41:00::	metaphorical	0.6
steam%2:38:02::	literal	0.7
steam%2:43:00::	literal	0.7
steam%2:37:00::	metaphorical	0.6
steam%2:35:00::	literal	0.9
steam%2:30:00::	literal	1.0
steamroll%2:41:01::	metaphorical	0.6
steamroll%2:41:00::	metaphorical	0.7
steamroll%2:33:00::	metaphorical	0.7
steamroller%2:41:01::	metaphorical	0.5
steamroller%2:41:00::	metaphorical	0.7
steamroller%2:35:00::	literal	0.9
steamroller%2:33:00::	metaphorical	0.6
step%2:30:01::	metaphorical	0.5
step%2:40:00::	literal	0.7
step%2:38:03::	literal	1.0
stimulate%2:30:00::	literal	0.7
stimulate%2:29:00::	literal	0.8
stimulate%2:39:00::	literal	0.6
stoop%2:41:12::	metaphorical	0.8
stoop%2:38:04::	literal	0.8
stoop%2:38:05::	metaphorical	0.5
stoop%2:35:02::	literal	0.8
stream%2:38:01::	metaphorical	0.6
stream%2:29:00::	metaphorical	0.5
stream%2:38:00::	literal	0.6
stuff%2:35:00::	literal	0.8
stuff%2:35:01::	literal	0.7
stuff%2:34:00::	metaphorical	0.6
stuff%2:30:02::	literal	0.9
stuff%2:30:00::	literal	0.9
stumble%2:38:01::	literal	0.9
stumble%2:38:00::	literal	1.0
stumble%2:40:10::	metaphorical	0.7
suck%2:34:04::	literal	1.0
suck%2:38:00::	metaphorical	0.7
suck%2:43:00::	metaphorical	0.8
suck%2:34:02::	literal	0.9
supplicate%2:32:00::	literal	0.7
supplicate%2:32:02::	literal	0.7
supplicate%2:32:01::	literal	0.8
suspend%2:35:00::	literal	0.875
suspend%2:30:01::	metaphorical	0.6
suspend%2:30:02::	literal	0.6
suspend%2:42:00::	literal	0.6
sustain%2:42:01::	literal	0.7
sustain%2:34:01::	literal	0.8
sustain%2:34:00::	literal	0.6
sustain%2:32:00::	literal	0.6
swallow%2:33:00::	metaphorical	0.8
swallow%2:35:00::	metaphorical	0.8
swallow%2:32:01::	metaphorical	0.7
swallow%2:32:00::	metaphorical	0.8
swallow%2:31:01::	metaphorical	0.8
swallow%2:31:00::	metaphorical	0.8
swell%2:30:02::	metaphorical	0.6
swell%2:41:00::	metaphorical	0.8
swell%2:30:00::	literal	0.9
swell%2:30:01::	literal	0.9
swim%2:38:00::	literal	1.0
swim%2:42:02::	metaphorical	1.0
swim%2:42:00::	metaphorical	0.9
swim%2:38:02::	literal	0.9
synchronize%2:30:00::	literal	0.9
synchronize%2:32:00::	literal	0.8
synchronize%2:31:00::	literal	0.7
synchronize%2:30:01::	literal	0.7
synchronize%2:30:03::	literal	0.9
tack%2:35:00::	literal	0.9
tack%2:38:00::	literal	0.7
tack%2:36:05::	metaphorical	0.5
talk%2:32:01::	metaphorical	0.9
talk%2:32:00::	literal	0.8
talk%2:32:03::	literal	0.9
talk%2:32:02::	literal	0.9
talk%2:32:06::	literal	0.7
talk%2:32:05::	literal	0.8
taste%2:39:00::	literal	1.0
taste%2:39:12::	literal	1.0
taste%2:39:01::	literal	1.0
taste%2:31:05::	metaphorical	0.7
tax%2:40:00::	literal	0.7
tax%2:34:00::	metaphorical	0.9
tax%2:32:00::	metaphorical	0.6
tease%2:37:00::	literal	0.9
tease%2:32:00::	literal	0.9
tease%2:37:01::	literal	0.7
tease%2:35:03::	literal	0.6
tease%2:32:09::	literal	0.9
tell%2:31:00::	literal	0.6
tell%2:32:08::	literal	0.8
tell%2:32:03::	literal	0.9
tempt%2:32:01::	literal	0.8
tempt%2:32:04::	literal	0.7
tempt%2:37:00::	literal	0.8
tempt%2:32:03::	literal	0.9
tense%2:35:00::	literal	0.9
tense%2:30:00::	literal	0.8
tense%2:29:01::	literal	0.9
tense%2:29:00::	literal	0.8
test%2:32:00::	literal	1.0
test%2:42:00::	literal	0.8
test%2:33:00::	literal	1.0
test%2:31:06::	literal	0.7
thrill%2:39:00::	literal	0.8
thrill%2:37:02::	literal	0.9
thrill%2:37:01::	literal	0.7
thunder%2:38:00::	metaphorical	0.7368
thunder%2:32:01::	metaphorical	0.7
tie%2:35:00::	literal	1.0
tie%2:33:00::	literal	0.6
tie%2:30:01::	metaphorical	0.6
tie%2:36:00::	literal	1.0
time%2:31:00::	literal	0.7727
time%2:31:01::	literal	0.8889
time%2:30:06::	literal	0.7
tip%2:38:02::	literal	0.9
tip%2:30:00::	literal	0.8
tip%2:40:00::	literal	0.7
tip%2:32:04::	literal	0.6
tithe%2:40:01::	literal	0.9
tithe%2:40:03::	literal	0.9
tithe%2:40:02::	literal	0.8
top%2:30:03::	metaphorical	0.8
top%2:42:02::	literal	0.92
top%2:40:00::	literal	0.6
top%2:38:04::	metaphorical	0.8
top%2:35:00::	metaphorical	0.7
trace%2:35:00::	literal	1.0
trace%2:38:00::	literal	0.6
trace%2:39:00::	metaphorical	0.6
trace%2:38:03::	metaphorical	0.5
trail%2:38:01::	metaphorical	0.7
trail%2:35:03::	metaphorical	0.7
transfer%2:40:01::	literal	0.8
transfer%2:38:00::	literal	1.0
transfer%2:40:00::	literal	0.9
transform%2:30:00::	metaphorical	0.7
transform%2:30:03::	metaphorical	0.7
transform%2:30:06::	literal	0.6
translate%2:32:00::	literal	0.9
translate%2:30:01::	metaphorical	0.7
translate%2:42:03::	literal	0.8
translate%2:42:00::	literal	0.6
translate%2:32:06::	literal	0.9
tread%2:38:01::	literal	0.6
tread%2:35:00::	literal	0.8
tread%2:35:02::	literal	0.7
treat%2:30:01::	literal	0.8
treat%2:29:00::	literal	0.8
treat%2:40:00::	literal	0.8
treat%2:34:00::	literal	0.6
treat%2:32:03::	metaphorical	0.5
treat%2:31:00::	literal	0.7
trench%2:35:05::	literal	0.8
trench%2:35:00::	metaphorical	0.5
trench%2:35:06::	literal	0.7
trench%2:35:01::	literal	0.8
tug%2:35:00::	literal	1.0
tug%2:41:00::	metaphorical	0.8
tug%2:35:04::	literal	0.7
tug%2:35:02::	literal	1.0
tug%2:35:01::	literal	0.9
tug%2:33:00::	metaphorical	0.6
twist%2:29:00::	literal	0.9
twist%2:35:02::	literal	1.0
twist%2:35:01::	literal	1.0
twist%2:32:00::	metaphorical	0.8
understand%2:31:00::	literal	0.9
understand%2:31:03::	literal	0.9
understand%2:31:02::	literal	0.8
understand%2:31:04::	literal	0.9
upgrade%2:30:00::	literal	0.9
upgrade%2:30:05::	literal	0.9
upgrade%2:30:04::	literal	0.8
uproot%2:41:00::	metaphorical	0.7
uproot%2:36:00::	metaphorical	0.8
uproot%2:35:00::	literal	1.0
use%2:34:01::	literal	0.8
use%2:34:02::	literal	0.9
use%2:41:14::	literal	0.9
use%2:41:04::	literal	0.6
use%2:41:03::	literal	0.9
vanish%2:39:00::	literal	0.8
vanish%2:30:02::	literal	0.7
vanish%2:30:01::	literal	0.6
vegetate%2:30:02::	literal	0.6
vegetate%2:30:01::	literal	0.7
vegetate%2:30:00::	literal	0.7
vegetate%2:30:04::	literal	0.6
vegetate%2:29:01::	literal	0.6
vegetate%2:29:00::	metaphorical	0.6
vest%2:41:00::	metaphorical	0.6
vest%2:40:02::	literal	0.6
vest%2:40:03::	literal	0.6
visit%2:38:00::	literal	0.9
visit%2:32:01::	metaphorical	0.8
visit%2:42:04::	literal	1.0
visit%2:30:00::	metaphorical	0.7
visualize%2:39:00::	literal	0.7
visualize%2:36:02::	metaphorical	0.5
visualize%2:30:00::	literal	0.8696
volley%2:38:01::	metaphorical	0.5
volley%2:35:01::	literal	0.6
volley%2:35:00::	metaphorical	0.7
volley%2:32:00::	metaphorical	0.6842
vote%2:41:13::	literal	0.9
vote%2:41:10::	literal	1.0
vote%2:41:11::	literal	0.8
vote%2:41:09::	literal	0.7
vote%2:41:12::	literal	0.9
vouch%2:32:01::	literal	0.7
vouch%2:32:12::	literal	0.7
vouch%2:30:00::	metaphorical	0.5
walk%2:38:00::	literal	1.0
walk%2:38:04::	literal	0.9
walk%2:38:01::	literal	0.8
walk%2:38:03::	literal	1.0
walk%2:41:01::	literal	0.6
walk%2:38:02::	literal	1.0
walk%2:38:05::	literal	0.7917
wallow%2:34:01::	metaphorical	0.5
wallow%2:38:00::	literal	0.9
wallow%2:34:00::	metaphorical	0.7
want%2:37:00::	literal	0.9
want%2:34:00::	metaphorical	0.8
want%2:35:00::	literal	0.7
want%2:31:01::	literal	0.9
want%2:42:01::	literal	0.9
warn%2:32:00::	literal	1.0
warn%2:32:01::	literal	0.88
warn%2:32:03::	literal	1.0
warn%2:32:02::	literal	0.875
waste%2:40:00::	metaphorical	0.7
waste%2:34:05::	metaphorical	0.5
waste%2:40:01::	literal	0.7619
waste%2:38:00::	metaphorical	0.6
water%2:40:00::	literal	0.8
water%2:29:00::	literal	0.7
water%2:30:04::	literal	0.9
wear%2:29:00::	literal	1.0
wear%2:42:01::	metaphorical	1.0
wear%2:29:02::	literal	0.8
wear%2:29:01::	literal	1.0
wharf%2:35:02::	metaphorical	0.5
wharf%2:35:03::	literal	0.8
wharf%2:35:00::	literal	0.9
whistle%2:38:00::	metaphorical	0.6
whistle%2:32:00::	literal	1.0
whistle%2:38:01::	metaphorical	0.7
whistle%2:32:02::	literal	1.0
wish%2:37:00::	literal	1.0
wish%2:32:02::	literal	0.6667
wish%2:32:00::	literal	0.7222
worry%2:37:00::	literal	0.9
worry%2:37:12::	literal	0.9
worry%2:37:01::	literal	0.7
worry%2:42:00::	literal	0.9
wrestle%2:33:01::	metaphorical	0.8
wrestle%2:32:00::	metaphorical	0.9
wrestle%2:35:00::	literal	1.0
write%2:36:10::	literal	0.9
write%2:32:00::	literal	1.0
write%2:36:02::	literal	1.0