word	lemma	gloss	label	overlap_score	context	target_index
adhere	*adhere%2:42:00::	be compatible or in accordance with	metaphorical	0.6	Durkheim noted long ago that religion as `` a unified system of beliefs and practices relative to sacred things - unite [ s ] into one single moral community - all those who [adhere] to them '' .	32
adhere	*adhere%2:42:00::	be compatible or in accordance with	metaphorical	0.6	Mr. Cunningham tries not to cheat the chance method ; he [adheres] to its dictates as faithfully as he can .	11
adhere	*adhere%2:42:00::	be compatible or in accordance with	metaphorical	0.6	The dead controlled the material prosperity of the living , and the living [adhered] to strict codes of conduct in order not to weaken that control .	13
adhere	*adhere%2:42:00::	be compatible or in accordance with	metaphorical	0.6	The United Nations Charter sets forth standards which , if [adhered] to , will promote peace and justice throughout the world .	9
adhere	*adhere%2:42:00::	be compatible or in accordance with	metaphorical	0.6	It was predicted that Kohnstamm-negative subjects would [adhere] to more liberal , concretistic reports of what the ambiguous figure `` looked like '' as reflecting their hesitancy about taking chances .	7
adhere	adhere%2:30:00::	follow through or carry out a plan without deviation	literal	_	This objective is [adhered] to throughout the duration of the action .	3
adhere	adhere%2:30:00::	follow through or carry out a plan without deviation	literal	_	If Bultmann 's own definition of myth is strictly [adhered] to ( and it is interesting that this is almost never done by those who make such pronouncements ) , the evidence is overwhelming that he does not at all exaggerate the extent to which the mythological concepts of traditional theology have become incredible and irrelevant .	9
adhere	adhere%2:30:00::	follow through or carry out a plan without deviation	literal	_	An examination of some forty catalogs of schools offering courses in interior design , for the most part schools accredited by membership in the National Association of Schools of Art , and a further `` on the spot '' inspection of a number of schools , show their courses [adhere] pretty closely to the recommendations .	38
culminate	*culminate%2:30:00::	end, especially to reach a final or climactic stage	metaphorical	0.14285714285714285	The cowboy films , the cops and robbers films , and the slapstick comedy films [culminating] in an insane chase are not only catering to what critics may assume to be a vulgar taste for violence ; these films and these sequences are also seeking out - instinctively or by design - the peculiarly cinematic elements of narrative .	15
culminate	*culminate%2:30:00::	end, especially to reach a final or climactic stage	metaphorical	0.14285714285714285	It becomes most evident in his description of Christ as the second Adam , who does indeed come to destroy sin , but whose work [culminates] in the achievement of immortality .	25
culminate	*culminate%2:30:00::	end, especially to reach a final or climactic stage	metaphorical	0.14285714285714285	The report , [culminating] a year long study of the ADC program in Cook county by a New York City welfare consulting firm , listed 10 long range recommendations designed to reduce the soaring ADC case load .	3
culminate	*culminate%2:30:00::	end, especially to reach a final or climactic stage	metaphorical	0.14285714285714285	It is made up of tumbling , which might be said to start with a somersault , run through such stunts as headstands , handstands , cartwheels , backbends , and [culminate] in nearly impossible combinations of aerial flips and twists and apparatus work .	29
culminate	*culminate%2:30:00::	end, especially to reach a final or climactic stage	metaphorical	0.14285714285714285	The Phoenix arrest [culminates] more than a year 's investigation by Detective William Taylor and other officers .	3
culminate	*culminate%2:30:00::	end, especially to reach a final or climactic stage	metaphorical	0.14285714285714285	When thus deposited , Keys says that cholesterol is mainly responsible for the arterial blockages that [culminate] in heart attacks .	16
culminate	*culminate%2:30:00::	end, especially to reach a final or climactic stage	metaphorical	0.14285714285714285	With lyrical intensity they reveal what they hate , but their faith in love , inspired by the revolutionary rhythms of jazz , [culminates] in the climax of the orgasm .	23
culminate	*culminate%2:30:00::	end, especially to reach a final or climactic stage	metaphorical	0.14285714285714285	However , the wei books were also destroyed in a series of Orthodox Confucian purges which [culminated] in a final proscription in 605 .	16
erase	*erase%2:30:00::	remove from memory or existence	metaphorical	0.25	Daniel termed `` extremely conservative '' his estimate that it would produce 17 million dollars to help [erase] an anticipated deficit of 63 million dollars at the end of the current fiscal year next Aug. 31 .	17
erase	*erase%2:30:00::	remove from memory or existence	metaphorical	0.25	Stock market Tuesday staged a technical recovery , [erasing] all of Monday 's losses in the Associated Press average and making the largest gain in about two weeks .	8
erase	*erase%2:30:00::	remove from memory or existence	metaphorical	0.25	The effects of television and other mass media are [erasing] regional dialects and localisms with a startling force .	9
erase	*erase%2:30:00::	remove from memory or existence	metaphorical	0.25	Even two decades ago in Go Down , Moses Faulkner was looking to the more urban future with a glimmer of hope that through its youth and its new way of life the South might be reborn and the curse of slavery [erased] from its soil .	41
erase	*erase%2:30:00::	remove from memory or existence	metaphorical	0.25	Thus all differences were leveled , and all contrasts [erased] , in a realm of no distinction , and the harmonious balance of the Lo Shu square could effectively symbolize the world in balanced harmony around a powerful central axis .	9
fill	*fill%2:30:01::	make full, also in a metaphorical sense	metaphorical	0.4323308270676692	Emerson - Platonist , idealist , doctrinaire - sounded a high Transcendental note in his `` Boston Hymn '' , delivered in 1863 in the Boston Music Hall amidst thundering applause : `` Pay ransom to the owner and [fill] the bag to the brim .	38
fill	*fill%2:30:01::	make full, also in a metaphorical sense	metaphorical	0.4323308270676692	It was [filled] with dust and wind and sound and violence .	2
fill	*fill%2:30:01::	make full, also in a metaphorical sense	metaphorical	0.4323308270676692	Walls of water rushed down the slopes and [filled] the hollows like the crests of flash floods .	8
fill	*fill%2:30:01::	make full, also in a metaphorical sense	metaphorical	0.4323308270676692	She was deeply , horribly sure that Lucien had [filled] it with opium .	9
fill	*fill%2:30:01::	make full, also in a metaphorical sense	metaphorical	0.4323308270676692	My great grandmother , I have been told , made her garden her great pride ; she cherished rare and delicate plants like oleanders in tubs and wall-flowers and lemon verbenas in pots that had to be wintered in the cellar ; she [filled] the waste spots of the yard with common things like the garden heliotrope in a corner by the woodshed , and the plantain lilies along the west side of the house .	42
fill	*fill%2:30:01::	make full, also in a metaphorical sense	metaphorical	0.4323308270676692	There are three principal feed bunk types for dairy and beef cattle : ( 1 ) Fence-line bunks - cattle eat from one side while feed is put in from the opposite side of the fence by self unloading wagons ; ( 2 ) Mechanized bunks - they sit within the feed lot , are [filled] by a mechanical conveyor above feeding surface ; ( 3 ) Special bunks - as discussed here , they permit cattle to eat from all sides .	51
fill	*fill%2:30:01::	make full, also in a metaphorical sense	metaphorical	0.4323308270676692	[Filling] these bunks by the same self unloading wagons used to fill silos spreads cost of the wagons over more time and operations .	0
fill	*fill%2:30:01::	make full, also in a metaphorical sense	metaphorical	0.4323308270676692	Filling these bunks by the same self unloading wagons used to [fill] silos spreads cost of the wagons over more time and operations .	11
fill	*fill%2:30:01::	make full, also in a metaphorical sense	metaphorical	0.4323308270676692	Solid blocks are recommended because hollow blocks would have to be [filled] with concrete to give effective protection .	11
fill	*fill%2:30:01::	make full, also in a metaphorical sense	metaphorical	0.4323308270676692	The space between them is [filled] with pit-run gravel or earth .	5
fill	*fill%2:30:01::	make full, also in a metaphorical sense	metaphorical	0.4323308270676692	So [filled] was Mel Chandler with the spirit of Garryowen that after Korea was over , he took on the job of writing the complete history of the regiment .	1
fill	*fill%2:30:01::	make full, also in a metaphorical sense	metaphorical	0.4323308270676692	Gracias '' , I hollered , my first long swallow [filling] me with confidence and immediately doubling the size of my Spanish vocabulary .	10
fill	*fill%2:30:01::	make full, also in a metaphorical sense	metaphorical	0.4323308270676692	By late afternoon the train inched into the marshaling yards in the railhead at Lublin , which was [filled] with lines of cars poised to pour the tools of war to the Russian front .	18
fill	*fill%2:30:01::	make full, also in a metaphorical sense	metaphorical	0.4323308270676692	Eugene put a spoonful of powdered coffee into his cup and then [filled] it with hot water .	12
fill	*fill%2:30:01::	make full, also in a metaphorical sense	metaphorical	0.4323308270676692	Harold put a teaspoonful of powdered coffee in his cup and [filled] it with hot water , and then , stirring , he sat back in his chair .	11
fill	*fill%2:30:01::	make full, also in a metaphorical sense	metaphorical	0.4323308270676692	Some of these were obviously [filling] from interlobular branches of the bronchial arteries while others were filling from direct hilar branches following along the pleural surface .	5
fill	*fill%2:30:01::	make full, also in a metaphorical sense	metaphorical	0.4323308270676692	Some of these were obviously filling from interlobular branches of the bronchial arteries while others were [filling] from direct hilar branches following along the pleural surface .	15
fill	*fill%2:30:01::	make full, also in a metaphorical sense	metaphorical	0.4323308270676692	In criticism of the latter 's views , his conclusions were based upon dog lung injection studies in which all of the vascular channels were first [filled] with a solution under pressure and then were injected with various sized colored particles designed to stop at the arteriolar level .	26
fill	*fill%2:30:01::	make full, also in a metaphorical sense	metaphorical	0.4323308270676692	Time plays an essential part in our mortality , and suddenly for no reason he could imagine ( or admit ) the image of Peg laughing [filled] his mind - so desirable , so lusty , so full of nuances of pleasure and joy .	26
fill	*fill%2:30:01::	make full, also in a metaphorical sense	metaphorical	0.4323308270676692	She also builds one or two waxen cups which she [fills] with honey .	10
fill	*fill%2:30:01::	make full, also in a metaphorical sense	metaphorical	0.4323308270676692	He finished with the team and [filled] his pipe and stood looking about him .	6
fill	*fill%2:30:01::	make full, also in a metaphorical sense	metaphorical	0.4323308270676692	It was going to take a lot of activity to [fill] it .	10
fill	*fill%2:30:01::	make full, also in a metaphorical sense	metaphorical	0.4323308270676692	For many nights afterward , the idea of her having been so close to me in that imagined bed would return and [fill] me with obscure and painful desires , would cause me to lie awake in shame , tossing with irresolution , longing to fall into a deep sleep .	21
fill	*fill%2:30:01::	make full, also in a metaphorical sense	metaphorical	0.4323308270676692	She [filled] a big pitcher and set it , with glasses , on a tray .	1
fill	*fill%2:30:01::	make full, also in a metaphorical sense	metaphorical	0.4323308270676692	* * f is the work necessary to [fill] the manometer column from the reference height to h .	8
fill	*fill%2:30:01::	make full, also in a metaphorical sense	metaphorical	0.4323308270676692	Booby traps to [fill] the head with chunks of metal .	2
fill	*fill%2:30:01::	make full, also in a metaphorical sense	metaphorical	0.4323308270676692	Jay Porter drew a base on balls to [fill] the bases but Don Wert 's smash was knocked down by Rudolph for the putout .	5
fill	*fill%2:30:01::	make full, also in a metaphorical sense	metaphorical	0.4323308270676692	The difference is that the masters took the bare frame of a plot and [filled] it with their own world ; most modern adapters totally accept the world of a book , squeeze it dry of life , and add only one contribution of their own :	14
fill	*fill%2:30:01::	make full, also in a metaphorical sense	metaphorical	0.4323308270676692	Choreographed by Mr. Nagrin , the work [filled] the second half of a program that also offered the first New York showing of Miss Tamiris ' `` Once Upon a Time '' , as well as her `` Women 's Song '' and Mr. Nagrin 's `` Indeterminate Figure '' .	7
fill	*fill%2:30:01::	make full, also in a metaphorical sense	metaphorical	0.4323308270676692	This news , announced by Jerome Toobin , the orchestra 's administrative director , brought applause from the 2800 persons who [filled] the hall .	21
fill	*fill%2:30:01::	make full, also in a metaphorical sense	metaphorical	0.4323308270676692	But though Kimpton put Chicago in what he felt was working order , some old grads feel that it still needs the kind of lively teachers who [filled] it in the heady Hutchins era .	27
fill	*fill%2:30:01::	make full, also in a metaphorical sense	metaphorical	0.4323308270676692	[Fill] small hole in bowl with clay .	0
fill	*fill%2:30:01::	make full, also in a metaphorical sense	metaphorical	0.4323308270676692	Vases may be made into candles by [filling] with melted wax and a wick .	7
fill	*fill%2:30:01::	make full, also in a metaphorical sense	metaphorical	0.4323308270676692	Francesca and Herbert considered themselves violently nonconformist and showed the world they were by [filling] their Colonial house with contemporary furniture and paintings and other art objects ( expensive , but not necessarily valuable , contemporary things ) .	14
fill	*fill%2:30:01::	make full, also in a metaphorical sense	metaphorical	0.4323308270676692	They were always leaping to light cigarettes , open car doors , [fill] plates or glasses , and I mistrusted the whole lot of them to the same degree that I mistrusted bake shops that called themselves `` Sanitary Bake Shops '' .	12
fill	*fill%2:30:01::	make full, also in a metaphorical sense	metaphorical	0.4323308270676692	Each trip saw the front cockpit [filled] higher with mail pouches .	6
fill	*fill%2:30:01::	make full, also in a metaphorical sense	metaphorical	0.4323308270676692	But to run the gauntlet of the programs Sam Rayburn brought into being through his legislative efforts would [fill] the pages of today 's Record .	18
fill	*fill%2:30:01::	make full, also in a metaphorical sense	metaphorical	0.4323308270676692	Friday night the delegates heard the need for their forthcoming program , `` Breakthrough '' scheduled to [fill] the churches for the next two years .	17
fill	*fill%2:30:01::	make full, also in a metaphorical sense	metaphorical	0.4323308270676692	As another Thanksgiving draws near , let us take time out from the often hectic pace of our lives to try and recapture the feelings that [filled] the hearts of the Pilgrims on the first Thanksgiving .	25
fill	*fill%2:30:01::	make full, also in a metaphorical sense	metaphorical	0.4323308270676692	That is enough TNT to [fill] the tower of the Empire State Building ; and with the availability of bombs of that size , war became a new problem .	5
fill	*fill%2:30:01::	make full, also in a metaphorical sense	metaphorical	0.4323308270676692	Then I calculated that a million peas would just about [fill] a household refrigerator ; a billion peas would fill a small house from cellar to attic ; a trillion peas would fill all the houses in a town of about ten thousand people ; and a quadrillion peas would fill all the buildings in the city of Philadelphia .	10
fill	*fill%2:30:01::	make full, also in a metaphorical sense	metaphorical	0.4323308270676692	Then I calculated that a million peas would just about fill a household refrigerator ; a billion peas would [fill] a small house from cellar to attic ; a trillion peas would fill all the houses in a town of about ten thousand people ; and a quadrillion peas would fill all the buildings in the city of Philadelphia .	19
fill	*fill%2:30:01::	make full, also in a metaphorical sense	metaphorical	0.4323308270676692	Then I calculated that a million peas would just about fill a household refrigerator ; a billion peas would fill a small house from cellar to attic ; a trillion peas would [fill] all the houses in a town of about ten thousand people ; and a quadrillion peas would fill all the buildings in the city of Philadelphia .	32
fill	*fill%2:30:01::	make full, also in a metaphorical sense	metaphorical	0.4323308270676692	Then I calculated that a million peas would just about fill a household refrigerator ; a billion peas would fill a small house from cellar to attic ; a trillion peas would fill all the houses in a town of about ten thousand people ; and a quadrillion peas would [fill] all the buildings in the city of Philadelphia .	50
fill	*fill%2:30:01::	make full, also in a metaphorical sense	metaphorical	0.4323308270676692	Then Little Billy began shouting orders to round up the ponies and [fill] the water buckets and for the cooks to hurry up with the meal .	11
fill	*fill%2:30:01::	make full, also in a metaphorical sense	metaphorical	0.4323308270676692	They poured through the opening in the valley , then spread out in a long line to come at us , brandishing their lances and [filling] the morning with their spine-chilling scalp cry .	24
fill	*fill%2:30:01::	make full, also in a metaphorical sense	metaphorical	0.4323308270676692	Couperin and Rameau gave titles to nearly everything they wrote , not in the later sense of `` program music '' but as a kind of nonmusical reference for the close , clear musical forms [filled] with keen wit and precise utterance .	35
fill	*fill%2:30:01::	make full, also in a metaphorical sense	metaphorical	0.4323308270676692	It was `` window '' - the tinsel paper dropped by bombers to jam radar sets , to [fill] the scope with hundreds of blips that would seem to be approaching bombers .	18
fill	*fill%2:30:01::	make full, also in a metaphorical sense	metaphorical	0.4323308270676692	The audience [filled] all the seats inside the Wollman enclosure and overflowed onto the lawns outside the fence .	2
fill	*fill%2:30:01::	make full, also in a metaphorical sense	metaphorical	0.4323308270676692	Lucius Beebe 's book , `` Mr. Pullman 's Elegant Palace Car '' , [fills] us with nostalgia , recalling days when private cars and Pullmans were extra wonderful , with fine woodwork , craftsmanship in construction , deep carpets and durable upholstery .	14
fill	*fill%2:30:01::	make full, also in a metaphorical sense	metaphorical	0.4323308270676692	Then pour water or light oil from a graduated beaker into the chamber to [fill] the chamber to its gasket surface .	14
fill	*fill%2:30:01::	make full, also in a metaphorical sense	metaphorical	0.4323308270676692	Morgan [filled] the dipper from the water bucket on the shelf , went back into the front room , lifted the girl 's head , and held the edge of the dipper to her mouth .	1
fill	*fill%2:30:01::	make full, also in a metaphorical sense	metaphorical	0.4323308270676692	Morgan [filled] the fire box with wood again , then started supper and set the table .	1
fill	*fill%2:30:01::	make full, also in a metaphorical sense	metaphorical	0.4323308270676692	Again Reverend Corder saved the bridge when Union soldiers planned to destroy it , after [filling] its two lanes with hay and straw - but for what reason is not recorded nor remembered , certainly not because of pressure from an opposing Confederate force .	15
fill	*fill%2:30:01::	make full, also in a metaphorical sense	metaphorical	0.4323308270676692	Why not open your heart to the Lord Jesus Christ now , accept Him as your Saviour and let Him [fill] you with peace that only He can give .	20
fill	*fill%2:30:01::	make full, also in a metaphorical sense	metaphorical	0.4323308270676692	While we are [filling] outer space with scientific successes , for many the `` inner '' space of their soul is an aching void .	3
fill	*fill%2:30:01::	make full, also in a metaphorical sense	metaphorical	0.4323308270676692	Because your soul was made to be [filled] with God Himself , not religious functions `` about '' Him .	7
fill	fill%2:42:00::	occupy the whole of	literal	_	The small and large intestines were [filled] with gas , and the jejunum was dilated to about 2 times its normal circumference .	5
fill	fill%2:30:00::	become full	literal	_	The bubble was [filled] to the top and special precautions were taken to prevent any sample from remaining in the capillary .	3
fill	fill%2:30:00::	become full	literal	_	Some of the small vessels were [filled] with fibrin thrombi , and there was extensive interstitial hemorrhage .	6
fill	fill%2:30:00::	become full	literal	_	In place of the police headquarters was a new square [filled] with rubble .	9
fill	fill%2:42:00::	occupy the whole of	literal	_	These 1750 cases were carted off in a one night operation by the O ' Banion men , who left in their stead the same number of barrels [filled] with water .	25
fill	fill%2:42:00::	occupy the whole of	literal	_	The outside 4 - inch space is [filled] by mortaring blocks on edge .	7
fill	fill%2:30:00::	become full	literal	_	Buckets were [filled] , the herd fed and watered .	2
fill	fill%2:30:00::	become full	literal	_	Big Hans began pouring whisky in the kid 's mouth but his mouth [filled] without any getting down his throat and in a second it was dripping from his chin .	12
fill	fill%2:30:00::	become full	literal	_	I'm not pleading for the heart that leaps up when it beholds a rainbow in the sky , or for the heart that with rapture [fills] and dances with the daffodils .	25
fill	fill%2:30:00::	become full	literal	_	I am usually [filled] with an uneasiness that through some unwitting slip all hell may break loose .	3
fill	fill%2:30:00::	become full	literal	_	The room [filled] with smoke , and Maggie 's head throbbed with excitement and fatigue , but Stuart had such a happy , earnest look of proud possession on his face that Maggie could n't bear to do anything to quench it .	2
fill	fill%2:30:00::	become full	literal	_	For it was the millions of buffalo and prairie chicken and the endless seas of grass that symbolized for a whole generation of Americans the abundant supply that was to take many of them westward when the Ohio and Mississippi valleys began to [fill] .	43
fill	fill%2:30:00::	become full	literal	_	Hundreds of miles to the north , the route back to England through the `` Furious Overfall '' was again [filling] with ice .	19
fill	fill%2:42:00::	occupy the whole of	literal	_	It dawns on you that instead of a lump to [fill] the seat across the bridge table from you , he was a man , and that because Gratt Shafer was making you miserable , you were passing it down to him , to Gratt Shafer 's substitute , that other guy .	10
fill	fill%2:30:00::	become full	literal	_	Both watched Scotty constantly , Rachel without seeming to , Virginia openly , her eyes [filled] with concern .	15
fill	fill%2:42:00::	occupy the whole of	literal	_	One simple method of measuring the expansion of the heart is to tie a thin rubber tube , [filled] with mercury , around the heart and record the change in resistance as the tube is stretched .	18
fill	fill%2:42:00::	occupy the whole of	literal	_	At the same time , however , I availed myself of the services of that great English actor and master of make-up , Sir Gauntley Pratt , to do a `` quickie '' called The Mystery of the Mad Marquess , in which I played a young American girl who inherits a haunted castle on the English moors which is [filled] with secret passages and sliding panels and , unbeknownst to anyone , is still occupied by an eccentric maniac .	60
fill	fill%2:42:00::	occupy the whole of	literal	_	Travelers entering from the desert were confounded by what must have seemed an illusion : a great garden [filled] with nightingales and roses , cut by canals and terraced promenades , studded with water tanks of turquoise tile in which were reflected the glistening blue curves of a hundred domes .	18
fill	fill%2:41:00::	assume, as of positions or roles	literal	_	It should be easier to plug two spots than it was to [fill] the wholesale lots that were open last year , but so far it has n't worked that way .	12
fill	fill%2:41:00::	assume, as of positions or roles	literal	_	It seemed , indeed , that their house was not so much a home , but rather a perfect stage set , and that they were actors who had been handed fat roles in a successful play , and had talent enough to [fill] the roles competently , with nice understatement .	43
fill	fill%2:34:02::	fill or meet a want or need	literal	_	The reading public , the theatergoing public , the skindiving public , the horse-playing public - all these and others [fill] substantial roles in U. S. life , but none is so varied , vast and vigilant as the eating public .	20
fill	fill%2:34:02::	fill or meet a want or need	literal	_	The perplexing question still remains as to why the middle classes turn to the churches as a vehicle of social identity when their clubs and charities should [fill] the same need .	26
fill	fill%2:34:02::	fill or meet a want or need	literal	_	He [filled] a real need , showing society what it looked like , turning it inside out , portraying its wars and its leaders , its ugliness and its beauties , reflecting its profound religious impulses .	1
fill	fill%2:34:02::	fill or meet a want or need	literal	_	Within a few years various du Pont manufactured items were [filling] the entire requirements of from four to seven of General Motors ' eight operating divisions .	8
fill	fill%2:41:00::	assume, as of positions or roles	literal	_	Charlie Marble was back and forth on several occasions , first to confer with Andy on the advisability of cancelling the Las Vegas engagement - they decided it was wise - and later to announce that a prominent comedian , also an agency client , had agreed to [fill] the casino 's open date .	43
fill	fill%2:41:00::	assume, as of positions or roles	literal	_	( Co-optation means to choose by joint action in order to [fill] a vacancy ; it can also mean the assimilation of centers of power from an environment in order to strengthen an organization . )	11
fill	fill%2:34:02::	fill or meet a want or need	literal	_	The existence of a public school vocational training program in trade and industry provides a base from which such needs can be [filled] .	20
fill	fill%2:41:00::	assume, as of positions or roles	literal	_	Was n't this an unusually young age to [fill] such a responsible post ?	8
preserve	*preserve%2:42:00::	keep or maintain in unaltered condition; cause to remain or last	metaphorical	0.5526315789473685	Political interference in Africa and Asia and even in Latin America ( though limited in Latin America by the special interest of the United States as expressed in the Monroe Doctrine , itself from the outset related to European politics and long dependent upon the `` balance of power '' system in Europe ) was necessary in order to [preserve] both common economic values and the European `` balance '' itself .	52
preserve	*preserve%2:42:00::	keep or maintain in unaltered condition; cause to remain or last	metaphorical	0.5526315789473685	A congregation survives only if it can sustain a socially homogeneous membership ; that is , when it can [preserve] economic integration .	19
preserve	*preserve%2:42:00::	keep or maintain in unaltered condition; cause to remain or last	metaphorical	0.5526315789473685	The congregation perishes when it is no longer possible to replenish that core from the neighborhood ; moreover , residential mobility is so high in metropolitan areas that churches have to recruit constantly in their core stratum in order to survive ; they can lose higher - and lower status members from the church without collapsing , but they need adequate recruits for the core stratum in order to [preserve] economic integration .	68
preserve	*preserve%2:42:00::	keep or maintain in unaltered condition; cause to remain or last	metaphorical	0.5526315789473685	Prokofieff might well emerge as a cultural hero , who , by the force of his creative life , helped [preserve] the main stream of tradition , to which the surviving idioms of current experimentalism may be eventually added and integrated .	20
preserve	*preserve%2:42:00::	keep or maintain in unaltered condition; cause to remain or last	metaphorical	0.5526315789473685	And when he did , when he gave to his ship that protection necessary to [preserve] her honor , he knew he would lose forever the Navy to which he had dedicated his soul .	15
preserve	*preserve%2:42:00::	keep or maintain in unaltered condition; cause to remain or last	metaphorical	0.5526315789473685	Folklore is individually created art that a homogeneous group of people [preserve] , vary and recreate through oral transmission .	11
preserve	*preserve%2:42:00::	keep or maintain in unaltered condition; cause to remain or last	metaphorical	0.5526315789473685	And so well is such ignorance [preserved] by the amateur and the money-maker that even at the college level most of the hundred odd folklore courses given in the United States survive on sentiment and nationalism alone .	6
preserve	*preserve%2:42:00::	keep or maintain in unaltered condition; cause to remain or last	metaphorical	0.5526315789473685	Extension of the ADC program to all children in need living with any relatives , including both parents , as a means of [preserving] family unity .	23
preserve	*preserve%2:42:00::	keep or maintain in unaltered condition; cause to remain or last	metaphorical	0.5526315789473685	The Providence Daily Journal stated that although the guilt of Brown was evident , the South must guarantee him a fair trial to [preserve] domestic peace .	21
preserve	*preserve%2:42:00::	keep or maintain in unaltered condition; cause to remain or last	metaphorical	0.5526315789473685	Can religious agencies use Government funds and Peace Corps personnel in their projects and still [preserve] the constitutional requirement on separation of church and state ?	15
preserve	*preserve%2:42:00::	keep or maintain in unaltered condition; cause to remain or last	metaphorical	0.5526315789473685	The armchair traveler [preserves] his illusions '' .	3
preserve	*preserve%2:42:00::	keep or maintain in unaltered condition; cause to remain or last	metaphorical	0.5526315789473685	He said `` Morris County is rapidly changing and unless steps are taken to [preserve] the green areas , there will be no land left to preserve '' .	14
preserve	*preserve%2:42:00::	keep or maintain in unaltered condition; cause to remain or last	metaphorical	0.5526315789473685	He said `` Morris County is rapidly changing and unless steps are taken to preserve the green areas , there will be no land left to [preserve] '' .	26
preserve	*preserve%2:42:00::	keep or maintain in unaltered condition; cause to remain or last	metaphorical	0.5526315789473685	He fought to the end to [preserve] it as a `` government of the people , by the people , for the people '' .	6
preserve	*preserve%2:42:00::	keep or maintain in unaltered condition; cause to remain or last	metaphorical	0.5526315789473685	The 140414 Americans who gave `` the last full measure of devotion '' to prevent disunion , [preserved] individual freedom in the United States from the dangers of anarchy , inherent in confederations , which throughout history have proved fatal in the end to all associations composed primarily of sovereign states , and to the liberties of their people .	17
preserve	*preserve%2:42:00::	keep or maintain in unaltered condition; cause to remain or last	metaphorical	0.5526315789473685	Arnolphe , it will be recalled , is a man of mature years who tries to [preserve] the innocence of his youthful wife-to-be .	16
preserve	*preserve%2:42:00::	keep or maintain in unaltered condition; cause to remain or last	metaphorical	0.5526315789473685	But one does not have to affirm the existence of an evil order irredeemable in that sense , or a static order in which no changes will take place in time , to be able truthfully to affirm the following fact : there has never been justitia imprinted in social institutions and social relationships except in the context of some pax-ordo [preserved] by clothed or naked force .	60
preserve	*preserve%2:42:00::	keep or maintain in unaltered condition; cause to remain or last	metaphorical	0.5526315789473685	There were no depressingly serious cases : the ward doctor sometimes teamed up with the chaplain to serve as a marriage counselor - sometimes the Navy sent people back to the States to [preserve] a marriage - but mental health as a rule was very high .	32
preserve	*preserve%2:42:00::	keep or maintain in unaltered condition; cause to remain or last	metaphorical	0.5526315789473685	Now to him who is able to [preserve] you without sin and to set you before the presence of his glory , without blemish , in gladness , to the only God our Savior , through Jesus Christ our Lord , belong glory and majesty , dominion and authority , before all time , and now , and forever .	7
preserve	*preserve%2:42:00::	keep or maintain in unaltered condition; cause to remain or last	metaphorical	0.5526315789473685	Compare this statement of a nineteenth-century judge with how Congressman Martin , according to the Daily Labor Report of Sept. 19 , 1961 , defends the necessity of enacting anti-trust legislation in the field of labor `` if we wish to prevent monopolistic fixing of wages , production or prices and if we wish to [preserve] the freedom of the employer and his employees to contract on wages , hours and conditions of employment '' .	55
preserve	preserve%2:40:00::	keep in safety and protect from harm, decay, loss, or destruction	literal	_	If we want to [preserve] our sovereignty , this is the way to do it ; not acquiesce to an international planning board .	4
preserve	preserve%2:40:00::	keep in safety and protect from harm, decay, loss, or destruction	literal	_	I really loved that boy , and , in a feverish attempt to [preserve] our marriage and to try to revive the wonderful , wonderful person Letch had once been , I took my troubles to Momma , hoping that her earthy advice would help me .	13
preserve	preserve%2:40:01::	to keep up and reserve for personal or special use	literal	_	The only contrary action , in the future as in the past , runs the risk of war ; and , now and in the future unlike in the past , any attempt to repel injury and to [preserve] any particular civilized attainment of mankind or its provisional justice runs some risk of nuclear warfare and the danger that an effect of it will , by human action , render this planet less habitable by the human race .	38
preserve	preserve%2:40:00::	keep in safety and protect from harm, decay, loss, or destruction	literal	_	Emerson evaded the problem by shoving it aside , or rather by leaving it behind him : he walked out of the Unitarian communion , so that it could lick the wound of his departure , [preserve] its self-respect and eventually accord him pious veneration .	34
preserve	preserve%2:40:00::	keep in safety and protect from harm, decay, loss, or destruction	literal	_	It is the purpose of Armed Forces Day to give Americans an opportunity to honor men of the Armed Forces , those who have made the supreme sacrifice , those who remain to [preserve] our security .	33
preserve	preserve%2:40:01::	to keep up and reserve for personal or special use	literal	_	Let us therefore put first things first , and make sure of [preserving] the human race at whatever the temporary price may be '' .	11
preserve	preserve%2:40:00::	keep in safety and protect from harm, decay, loss, or destruction	literal	_	It is they , of course , who keep it alive and [preserve] it so the same spirit will continue to be present in the Corps for future recruits to find as they come into it .	11
preserve	preserve%2:40:01::	to keep up and reserve for personal or special use	literal	_	In the Analytical phase of their Cubism , Braque and Picasso had not only had to minimize three-dimensionality simply in order to [preserve] it ; they had also had to generalize it - to the point , finally , where the illusion of depth and relief became abstracted from specific three-dimensional entities and was rendered largely as the illusion of depth and relief as such : as a disembodied attribute and expropriated property detached from everything not itself .	22
preserve	preserve%2:40:01::	to keep up and reserve for personal or special use	literal	_	Within a system , however , the autonomy of each member library is [preserved] .	13
preserve	preserve%2:40:01::	to keep up and reserve for personal or special use	literal	_	In spite of her attempt to [preserve] her balance , she fell , bruising her arm on a naked stone .	6
preserve	preserve%2:40:01::	to keep up and reserve for personal or special use	literal	_	Accordingly , they took special pains to [preserve] their papers as essential sources for posterity .	7
preserve	preserve%2:40:00::	keep in safety and protect from harm, decay, loss, or destruction	literal	_	The process of boundary maintenance identifies and [preserves] the social system or subsystems , and the characteristic interaction is maintained .	7
preserve	preserve%2:40:01::	to keep up and reserve for personal or special use	literal	_	It was the collage that made the terms of this dilemma clear : the representational could be restored and [preserved] only on the flat and literal surface now that illusion and representation had become , for the first time , mutually exclusive alternatives .	19
preserve	preserve%2:40:00::	keep in safety and protect from harm, decay, loss, or destruction	literal	_	The desirability of [preserving] such places as the Cape dunes and Stone Harbor sanctuary becomes more apparent every year .	3
preserve	preserve%2:40:01::	to keep up and reserve for personal or special use	literal	_	The National Park Service now proposes to [preserve] an area in Pottawatomie County , northeast Kansas , as a `` Prairie National Park '' .	7
preserve	preserve%2:40:01::	to keep up and reserve for personal or special use	literal	_	He questioned God 's taking time to telegraph the message , but he felt better about Kizzie , and he took the sealed envelope from its pigeonhole , wondering why he had [preserved] it .	32
preserve	preserve%2:40:00::	keep in safety and protect from harm, decay, loss, or destruction	literal	_	William R. Stillwell , an admirable Georgian whose delightful correspondence is [preserved] in the Georgia Department of Archives and History , liked to tease his wife in his letters .	9
preserve	preserve%2:40:00::	keep in safety and protect from harm, decay, loss, or destruction	literal	_	The part of the mind that [preserves] dates and events may remonstrate , `` It could have been like that for only a little while '' ; but true memory does not count nor add : it holds fast to things that were and they are outside of time .	6
reflect	*reflect%2:39:01::	manifest or bring back	metaphorical	0.6530487804878049	National identification was [reflected] jurisprudentially in law theories which incorporated this Hegelian abstraction and saw law , domestic and international , simply as its formal reflection .	3
reflect	*reflect%2:39:01::	manifest or bring back	metaphorical	0.6530487804878049	While it is easy enough to ridicule Hawkins ' pronouncement in Pleas of the Crown from a metaphysical point of view , the concept of the `` oneness '' of a married couple may [reflect] an abiding belief that the communion between husband and wife is such that their actions are not always to be regarded by the criminal law as if there were no marriage .	31
reflect	*reflect%2:39:01::	manifest or bring back	metaphorical	0.6530487804878049	His answers to the classification questionnaire [reflected] that he was a minister of Jehovah's Witnesses , employed at night by a sugar producer .	6
reflect	*reflect%2:39:01::	manifest or bring back	metaphorical	0.6530487804878049	These polar concerns ( imitation vs. formalism ) [reflect] a philosophical and religious situation which has been developing over a long period of time .	8
reflect	*reflect%2:39:01::	manifest or bring back	metaphorical	0.6530487804878049	The image of the world tends to [reflect] the hostility and indifference of man or else to dissolve into empty spaces and overwhelming mystery .	7
reflect	*reflect%2:39:01::	manifest or bring back	metaphorical	0.6530487804878049	These expenditures are estimated to be $ 12.1 billion , an increase of $ 187 million over 1960 , [reflecting] additional longevity pay of career personnel , more dependents , an increased number of men drawing proficiency pay , and social security tax increases ( effective for the full year in 1961 compared with only 6 months in 1960 ) .	19
reflect	*reflect%2:39:01::	manifest or bring back	metaphorical	0.6530487804878049	These contrasting trends in procurement [reflect] the anticipated changes in the composition and missions of our Armed Forces in the years ahead .	5
reflect	*reflect%2:39:01::	manifest or bring back	metaphorical	0.6530487804878049	She glanced at the man nodding beside her , a man with weather cracks furrowed into his lean cheeks , with powdery pale eyes [reflecting] all the droughts he had seen , reflecting the sky and the drought which must follow now in August - yes , with eyes predicting the drought and here it was only June , only festival time again and thoughts of Gratt Shafer would not leave her .	24
reflect	*reflect%2:39:01::	manifest or bring back	metaphorical	0.6530487804878049	She glanced at the man nodding beside her , a man with weather cracks furrowed into his lean cheeks , with powdery pale eyes reflecting all the droughts he had seen , [reflecting] the sky and the drought which must follow now in August - yes , with eyes predicting the drought and here it was only June , only festival time again and thoughts of Gratt Shafer would not leave her .	32
reflect	*reflect%2:39:01::	manifest or bring back	metaphorical	0.6530487804878049	Understanding a work of art involves recognition of the ideas that it [reflects] or embodies .	10
reflect	*reflect%2:39:01::	manifest or bring back	metaphorical	0.6530487804878049	Very likely it will also include a recognition that the work we are reading [reflects] or `` belongs to '' some way of thought labelled as a `` school '' or an `` - ism '' , i. e. a complex or `` syndrome '' of ideas occurring together with sufficient prominence to warrant identification .	14
reflect	*reflect%2:39:01::	manifest or bring back	metaphorical	0.6530487804878049	His earliest work [reflected] heavy influences from English and continental writers .	3
reflect	*reflect%2:39:01::	manifest or bring back	metaphorical	0.6530487804878049	This was generally [reflected] in the civil laws of Christian countries .	3
reflect	*reflect%2:39:01::	manifest or bring back	metaphorical	0.6530487804878049	`` It [reflects] what is going on in other areas of the marriage and in society itself .	2
reflect	*reflect%2:39:01::	manifest or bring back	metaphorical	0.6530487804878049	These provisions are designed to [reflect] the differences in wealth and population among the States , with the objective that a vocationally handicapped person have access to needed services regardless of whether he resides in a State with a low or high per capita income or a sparsely or thickly populated State .	5
reflect	*reflect%2:39:01::	manifest or bring back	metaphorical	0.6530487804878049	The provisions for determining a State 's unadjusted Federal share are designed to [reflect] the varying financial resources among the States .	13
reflect	*reflect%2:39:01::	manifest or bring back	metaphorical	0.6530487804878049	Even though he would later be resurrected , he was at this moment dead indeed , the expression on his face [reflecting] what he had gone through on the cross .	21
reflect	*reflect%2:39:01::	manifest or bring back	metaphorical	0.6530487804878049	But the most impressive testimony to Schnabel 's distinction as a teacher is [reflected] by the individuality which marks each student 's approach as distinctly his own .	13
reflect	*reflect%2:39:01::	manifest or bring back	metaphorical	0.6530487804878049	The psychological incompatibility of these emotional states seems to be [reflected] in , or based on , this marked difference .	9
reflect	*reflect%2:39:01::	manifest or bring back	metaphorical	0.6530487804878049	Of course , nationalism has really outlived its usefulness in a country as world oriented as ours , and its continued existence [reflects] one of the major culture lags of the twentieth century United States .	21
reflect	*reflect%2:39:01::	manifest or bring back	metaphorical	0.6530487804878049	Folklore , as used by such writers , really [reflects] images engraved into it by the very person using it .	9
reflect	*reflect%2:39:01::	manifest or bring back	metaphorical	0.6530487804878049	Whenever artists , indeed , turned to actual representations or molded three-dimensional figures , which were rare down to 800 B.C. , they tended to [reflect] reality ( see Plate 6a , 9b ) ; a schematic , abstract treatment of men and animals , by intent , rose only in the late eighth century .	24
reflect	*reflect%2:39:01::	manifest or bring back	metaphorical	0.6530487804878049	And if the affection for the suburban branch [reflects] a desire to shop with `` nice people '' , rather than with the indiscriminate urban mass which supports the downtown department store , the central location may be in serious trouble .	8
reflect	*reflect%2:39:01::	manifest or bring back	metaphorical	0.6530487804878049	This is a normal governmental procedure which [reflects] more accurately cost-accounting principles .	7
reflect	*reflect%2:39:01::	manifest or bring back	metaphorical	0.6530487804878049	And , if we follow the Rayburn pattern , as consciously or by an instinctual political sense I like to think I have followed it , then the very nature of our loyalty to our own immediate areas must necessarily be [reflected] in the devotion of our services to our country .	41
reflect	*reflect%2:39:01::	manifest or bring back	metaphorical	0.6530487804878049	In Kennedy 's speech are cross currents , sensible ones and senseless ones , [reflecting] the great struggle of opinions between the President 's advisers and the political and economic forces behind them .	14
reflect	*reflect%2:39:01::	manifest or bring back	metaphorical	0.6530487804878049	Our investment in this effort , the greatest in our Nation 's history , [reflects] our determination to ensure the peace and the future of freedom .	14
reflect	*reflect%2:39:01::	manifest or bring back	metaphorical	0.6530487804878049	But his heavenward glances and his pious speeches are not merely perfunctory ; of course , they do not [reflect] sincerity , but they exhibit a concern to make a good job out of his pious impersonation .	19
reflect	*reflect%2:39:01::	manifest or bring back	metaphorical	0.6530487804878049	Both elements - the caution about a meeting , the willingness eventually to hold one - were [reflected] in a letter from the President which Ambassador Llewellyn E. Thompson brought back to Russia late in February .	17
reflect	*reflect%2:39:01::	manifest or bring back	metaphorical	0.6530487804878049	But the South is , and has been for the past century , engaged in a wide-sweeping urbanization which , oddly enough , is not [reflected] in its literature .	25
reflect	*reflect%2:39:01::	manifest or bring back	metaphorical	0.6530487804878049	An example of the changes which have crept over the Southern region may be seen in the Southern Negro 's quest for a position in the white-dominated society , a problem that has been [reflected] in regional fiction especially since 1865 .	34
reflect	*reflect%2:39:01::	manifest or bring back	metaphorical	0.6530487804878049	Today the Negro must discover his role in an industrialized South , which indicates that the racial aspect of the Southern dilemma has n't changed radically , but rather has gradually come to be [reflected] in this new context , this new coat of paint .	34
reflect	*reflect%2:39:01::	manifest or bring back	metaphorical	0.6530487804878049	In the meantime , while the South has been undergoing this phenomenal modernization that is so disappointing to the curious Yankee , Southern writers have certainly done little to [reflect] and promote their region 's progress .	29
reflect	*reflect%2:39:01::	manifest or bring back	metaphorical	0.6530487804878049	Dignity and comfort , in a contemporary manner , [reflecting] the best aspects of today 's design , with substance and maturity , keynote the Perennian collection from Heritage .	9
reflect	*reflect%2:39:01::	manifest or bring back	metaphorical	0.6530487804878049	Their writing , born of their experiments in marijuana and untrammeled sexuality , [reflects] the extremity of their existential alienation .	13
reflect	*reflect%2:39:01::	manifest or bring back	metaphorical	0.6530487804878049	If love [reflects] the nature of man , as Ortega y Gasset believes , if the person in love betrays decisively what he is by his behavior in love , then the writers of the beat generation are creating a new literary genre .	2
reflect	*reflect%2:39:01::	manifest or bring back	metaphorical	0.6530487804878049	The paintings , drawings , prints , and illustrations all [reflect] the manners , costumes , and mores of America in the first half of the present century .	10
reflect	*reflect%2:39:01::	manifest or bring back	metaphorical	0.6530487804878049	Confidence in the state 's economic future is [reflected] in the Georgia Power Company 's record construction budget for this year .	8
reflect	*reflect%2:39:01::	manifest or bring back	metaphorical	0.6530487804878049	Leslie Newbiggin [reflects] the dominant position within the World Council of Churches when he says , `` We must claim absoluteness and finality for Christ and His finished work , but that very claim forbids us to claim absoluteness and finality for our understanding of it '' .	2
reflect	*reflect%2:39:01::	manifest or bring back	metaphorical	0.6530487804878049	Slackened regional demand for St. Louis goods and services [reflects] the region 's relative lack of purchasing power .	9
reflect	*reflect%2:39:01::	manifest or bring back	metaphorical	0.6530487804878049	It was predicted that Kohnstamm-negative subjects would adhere to more liberal , concretistic reports of what the ambiguous figure `` looked like '' as [reflecting] their hesitancy about taking chances .	23
reflect	reflect%2:39:00::	to throw or bend back (from a surface)	literal	_	He filled a real need , showing society what it looked like , turning it inside out , portraying its wars and its leaders , its ugliness and its beauties , [reflecting] its profound religious impulses .	29
reflect	reflect%2:39:00::	to throw or bend back (from a surface)	literal	_	If the deficiency persists long enough , it is reasonable to suppose that the * * f label will [reflect] the * * f distribution in the thyroglobulin .	19
reflect	reflect%2:39:00::	to throw or bend back (from a surface)	literal	_	For lawyers , [reflecting] perhaps their parochial preferences , there has been a special fascination since then in the role played by the Supreme Court in that transformation - the manner in which its decisions altered in `` the switch in time that saved nine '' , President Roosevelt 's ill-starred but in effect victorious `` Court-packing plan '' , the imprimatur of judicial approval that was finally placed upon social legislation .	3
reflect	reflect%2:39:00::	to throw or bend back (from a surface)	literal	_	Inability to care for the other children , difficulty in feeding the babies , who seemed colicky , bone-weary fatigue , repeated crying episodes , and short tempers [reflected] the family 's helplessness in coping with the stressful situation .	28
reflect	reflect%2:39:00::	to throw or bend back (from a surface)	literal	_	( 1 ) Most of the realtors minimized their own understanding of and role in the racial issue , pleading that they only [reflect] the attitudes and intentions of their society .	23
reflect	reflect%2:39:00::	to throw or bend back (from a surface)	literal	_	The beliefs of a religion also [reflecting] the values are expressed in creeds , dogmas , and doctrines , and form what Durkheim calls a credo .	6
reflect	reflect%2:39:00::	to throw or bend back (from a surface)	literal	_	This development is [reflected] in the action taken in February , 1961 , by the general board of the National Council of Churches , the largest Protestant organization in the US .	3
reflect	reflect%2:39:00::	to throw or bend back (from a surface)	literal	_	But Stravinsky was swayed by the attitudes of whatever culture he was [reflecting] .	12
reflect	reflect%2:39:00::	to throw or bend back (from a surface)	literal	_	The state development budget will [reflect] the capital needs of all the state agencies and the priority of the projects in the budget will be based on the state plan .	5
reflect	reflect%2:39:00::	to throw or bend back (from a surface)	literal	_	Travelers entering from the desert were confounded by what must have seemed an illusion : a great garden filled with nightingales and roses , cut by canals and terraced promenades , studded with water tanks of turquoise tile in which were [reflected] the glistening blue curves of a hundred domes .	41
reflect	reflect%2:39:00::	to throw or bend back (from a surface)	literal	_	The sharp ray was absorbed by a cloud , then [reflected] to the earth in a softer , diffused radiance .	10
reflect	reflect%2:31:00::	reflect deeply on a subject	literal	_	There 's no greater catastrophe in the universe , she [reflected] dourly , impaling tender green beans on the silver fork , than the dwindling away of a family .	10
reflect	reflect%2:39:00::	to throw or bend back (from a surface)	literal	_	Different parts of these cells sometimes absorb or [reflect] different wavelengths so that it is often possible to see internal portions of cells in a different color .	8
reflect	reflect%2:39:00::	to throw or bend back (from a surface)	literal	_	These wavelengths are [reflected] in sequence through the specimen by the rotating mirror ; the specimen is magnified by the microscope .	3
reflect	reflect%2:43:00::	be bright by reflecting or casting light	literal	_	Therefore , neglecting the extreme outbursts , [reflected] solar radiation is not expected to cause sizable errors in the measurements of planetary radiation in the centimeter - and decimeter wave-length range .	7
reflect	reflect%2:39:00::	to throw or bend back (from a surface)	literal	_	Bones and cartilage transmit poorly and tend to [reflect] the ultrasonic signals .	8
reflect	reflect%2:43:00::	be bright by reflecting or casting light	literal	_	The radio radiation of the sun which is [reflected] from the moon and planets should be negligible compared with their thermal emission at centimeter wave lengths , except possibly at times of exceptional outbursts of solar radio noise .	7
reflect	reflect%2:39:00::	to throw or bend back (from a surface)	literal	_	Many of the cells and microorganisms which are transparent to visible light , absorb or [reflect] the much shorter wavelengths of the ultraviolet spectrum .	14
reflect	reflect%2:39:00::	to throw or bend back (from a surface)	literal	_	As mentioned before , bone [reflects] the sound energy and in Fig. 7 the portion of the spine shows as the black area in the center .	5
reflect	reflect%2:43:00::	be bright by reflecting or casting light	literal	_	Do line barbecue fire bowl with heavy foil to [reflect] heat .	9
reflect	reflect%2:39:00::	to throw or bend back (from a surface)	literal	_	The viscous mud was ankle-deep , and in places great puddles spread across the road and [reflected] the murky light .	16
reflect	reflect%2:43:00::	be bright by reflecting or casting light	literal	_	The reflection of radiation originating from the anode holder and [reflected] back to it by the surrounding metal surfaces should also be small because of the specular characteristic of the metal surfaces and of the specific geometry .	10
reflect	reflect%2:31:00::	reflect deeply on a subject	literal	_	He scrubbed absent-mindedly at the pans and [reflected] on how things had turned out .	7
reflect	reflect%2:31:00::	reflect deeply on a subject	literal	_	The lawyer did n't know him very well although he saw him occasionally at some dinner party - Thayer , like himself , Madden [reflected] , was the extra man so prized by hostesses - and found him easy enough to talk to .	23
reflect	reflect%2:31:00::	reflect deeply on a subject	literal	_	`` I have just come from viewing a man who had made the fortune of his country , but now is working all night in order to support his family '' , he [reflected] .	33
reflect	reflect%2:43:00::	be bright by reflecting or casting light	literal	_	The incident , aside from [reflecting] on Welch 's political career , had all but wrecked his home life .	5
reflect	reflect%2:31:00::	reflect deeply on a subject	literal	_	Men , she [reflected] , even men like Stanley , are unpredictable .	3
reflect	reflect%2:31:00::	reflect deeply on a subject	literal	_	A splendid vote of confidence in Thayer , Madden [reflected] .	7
reflect	reflect%2:31:00::	reflect deeply on a subject	literal	_	In an effort to fortify himself against the unforeseen upsets sure to arise in the future , Herbert A. Leggett , banker editor of the Phoenix `` Arizona Progress '' , [reflects] upon a few of the depressing experiences of the feverish fifties .	28
revive	*revive%2:29:00::	give new life or energy to	metaphorical	0.5	The clammy air [revived] him .	3
revive	*revive%2:29:00::	give new life or energy to	metaphorical	0.5	Any tax bill also will [revive] allegations that some of his followers have been using their administration affiliations imprudently to profit themselves .	5
revive	*revive%2:29:00::	give new life or energy to	metaphorical	0.5	He was , in fact , showing signs of [reviving] .	9
revive	*revive%2:29:00::	give new life or energy to	metaphorical	0.5	Insects there were on the world , but they were frozen solid during the night , only to [revive] and thaw in the morning sun .	18
revive	*revive%2:29:00::	give new life or energy to	metaphorical	0.5	The death of Harold A. Stevens , oldest of the Stevens brothers , famed operators of baseball , football and race track concessions , [revived] again the story of one of the greatest business successes in history .	24
revive	revive%2:29:01::	cause to regain consciousness	literal	_	I really loved that boy , and , in a feverish attempt to preserve our marriage and to try to [revive] the wonderful , wonderful person Letch had once been , I took my troubles to Momma , hoping that her earthy advice would help me .	20
revive	revive%2:29:01::	cause to regain consciousness	literal	_	Willie 's big day [revived] the running argument about the relative merits of Mays and Mickey Mantle .	4
revive	revive%2:29:01::	cause to regain consciousness	literal	_	Something was needed to [revive] interest ; the something was the home run .	4
revive	revive%2:29:01::	cause to regain consciousness	literal	_	Little more than a fine old name , valuable principally because of the Franklin tradition , the Saturday Evening Post was slow to [revive] .	23
revive	revive%2:29:01::	cause to regain consciousness	literal	_	The jail authorities - attaching no particular significance to the episode - offered Barco whisky to [revive] him ; but the old fellow , a lifelong teetotaler , refused it , and no more was thought of the matter .	16
smash	*smash%2:35:00::	hit hard	metaphorical	0.7666666666666667	Jess 's coarse features twisted in a surprised grin which was [smashed] out of shape by Curt 's fist .	11
smash	*smash%2:35:00::	hit hard	metaphorical	0.7666666666666667	A .30-30 bullet [smashed] directly into the center of William Lewis ' chest .	3
smash	*smash%2:35:00::	hit hard	metaphorical	0.7666666666666667	Reversing it , he [smashed] the butt down on Frederick Seward 's head , over and over again .	4
smash	*smash%2:35:00::	hit hard	metaphorical	0.7666666666666667	He [smashed] it in and tumbled into darkness .	1
smash	*smash%2:35:00::	hit hard	metaphorical	0.7666666666666667	Hector Lopez , subbing for Berra , [smashed] a 3 - run homer off Bill Henry during another 5 - run explosion in the fourth .	6
smash	*smash%2:35:00::	hit hard	metaphorical	0.7666666666666667	With his right fist , and nearly all his weight behind it , he [smashed] at the bloodstained face .	14
smash	smash%2:30:00::	break into pieces, as by striking or knocking over	literal	_	When they were refused entrance to his brother 's house nearby , they [smashed] down the door , broke the window , and threw lighted clothes wet with kerosene into the room .	13
smash	smash%2:30:00::	break into pieces, as by striking or knocking over	literal	_	A news item described the launching of a ship : `` Completing the ceremony , the beautiful movie star [smashed] a bottle of champagne over her stern as she slid gracefully down the ways into the sea '' .	18
smash	smash%2:30:00::	break into pieces, as by striking or knocking over	literal	_	But William continued to find a bitter joy in [smashing] images and tearing down symbols sacred to the Old Church .	9
talk	*talk%2:32:01::	exchange thoughts; talk with	metaphorical	0.36188118811881187	The lawyer did n't know him very well although he saw him occasionally at some dinner party - Thayer , like himself , Madden reflected , was the extra man so prized by hostesses - and found him easy enough to [talk] to .	40
talk	*talk%2:32:01::	exchange thoughts; talk with	metaphorical	0.36188118811881187	He thereupon went to London and spent the winter [talking] to men of wealth .	9
talk	*talk%2:32:01::	exchange thoughts; talk with	metaphorical	0.36188118811881187	They [talked] and wrote much about the elemental functions of the body .	1
talk	*talk%2:32:01::	exchange thoughts; talk with	metaphorical	0.36188118811881187	We [talked] after I hailed his Jeep marked with the U. N. flag .	1
talk	*talk%2:32:01::	exchange thoughts; talk with	metaphorical	0.36188118811881187	Mr. Blatz had been at least sober enough to remember to telephone and he turned out to be the greatest boon that had come into Mr. Crombie 's life since he moved to Highfield , in spite of the fact that he did n't work very fast or very long at a time , and he did n't like to work at all unless Mr. Crombie hung around and [talked] to him .	60
talk	*talk%2:32:01::	exchange thoughts; talk with	metaphorical	0.36188118811881187	So Mr. Crombie sat on a wooden box and [talked] in order to keep Mr. Blatz 's mind from funny things .	8
talk	*talk%2:32:01::	exchange thoughts; talk with	metaphorical	0.36188118811881187	Now start [talking] .	2
talk	*talk%2:32:01::	exchange thoughts; talk with	metaphorical	0.36188118811881187	Try [talking] to some of the fellows he works with , friends , anyone .	1
talk	*talk%2:32:01::	exchange thoughts; talk with	metaphorical	0.36188118811881187	She might have been [talking] to some of her friends about her husband if they 've been having any trouble '' .	4
talk	*talk%2:32:01::	exchange thoughts; talk with	metaphorical	0.36188118811881187	One has to [talk] confidentially with some of the directors of vocational high schools to realize that a boy cannot just say , `` I want to be a plumber '' , and then , by doing good work , find a job .	3
talk	*talk%2:32:01::	exchange thoughts; talk with	metaphorical	0.36188118811881187	In a far distant part of the United States , I was [talking] to an instructor about a boy who in the twelfth grade was doing special work .	11
talk	*talk%2:32:01::	exchange thoughts; talk with	metaphorical	0.36188118811881187	But in the meantime the beer runner , unhappy with this solution , telephoned Torrio and returned to O ' Banion with the message : `` Say , Dionie , I just been [talking] to Johnny , and he said to let them cops have the three hundred .	29
talk	*talk%2:32:01::	exchange thoughts; talk with	metaphorical	0.36188118811881187	Then he took off his wet boots and dropped down into the water to [talk] with the beasts , needing their comfort more than they needed his .	14
talk	*talk%2:32:01::	exchange thoughts; talk with	metaphorical	0.36188118811881187	But she was [talking] of Emile when she saw the black line of the open door ; Sarah remembered it clearly .	3
talk	*talk%2:32:01::	exchange thoughts; talk with	metaphorical	0.36188118811881187	I want to [talk] to Sarah '' .	3
talk	*talk%2:32:01::	exchange thoughts; talk with	metaphorical	0.36188118811881187	Rossi and Ferguson have been across the street , [talking] to the kid .	9
talk	*talk%2:32:01::	exchange thoughts; talk with	metaphorical	0.36188118811881187	For when he began to [talk] and dream all at the same time , making his plans as he went , she had begun dreaming too .	5
talk	*talk%2:32:01::	exchange thoughts; talk with	metaphorical	0.36188118811881187	While he [talked] you would n't trade being a West Tennessee farmer for being anything else in the whole damned world , no matter if it had n't , in six weeks , rained enough to wet a rat 's ass .	2
talk	*talk%2:32:01::	exchange thoughts; talk with	metaphorical	0.36188118811881187	He also had , at times , an uncanny absent-minded air like a sleepwalker ; he would look right through you while you were [talking] to him , and if you said , `` For Christ's sake , Donald , you 've got Prussian blue all over your shirt '' , he would smile , and nod , and an hour later the paint would be all over his pants as well .	23
talk	*talk%2:32:01::	exchange thoughts; talk with	metaphorical	0.36188118811881187	Askington was a kind of goal I set myself ; I had admired him long before I [talked] to him .	17
talk	*talk%2:32:01::	exchange thoughts; talk with	metaphorical	0.36188118811881187	I had a long [talk] with him .	4
talk	*talk%2:32:01::	exchange thoughts; talk with	metaphorical	0.36188118811881187	He could certainly [talk] .	3
talk	*talk%2:32:01::	exchange thoughts; talk with	metaphorical	0.36188118811881187	Dealers would do well to visit such a campground often , look at the equipment and [talk] with the campers .	15
talk	*talk%2:32:01::	exchange thoughts; talk with	metaphorical	0.36188118811881187	The number depends on who is [talking] at the moment .	5
talk	*talk%2:32:01::	exchange thoughts; talk with	metaphorical	0.36188118811881187	`` [Talk] to Whitey Jackson '' .	1
talk	*talk%2:32:01::	exchange thoughts; talk with	metaphorical	0.36188118811881187	`` I 'll [talk] to him , all right '' .	3
talk	*talk%2:32:01::	exchange thoughts; talk with	metaphorical	0.36188118811881187	William Wimsatt and Cleanth Brooks , it seems to me , have a penetrating insight into the way in which this control is effected : `` For if we say poetry is to [talk] of beauty and love ( and yet not aim at exciting erotic emotion or even an emotion of Platonic esteem ) and if it is to talk of anger and murder ( and yet not aim at arousing anger and indignation ) - then it may be that the poetic way of dealing with these emotions will not be any kind of intensification , compounding , or magnification , or any direct assault upon the affections at all .	31
talk	*talk%2:32:01::	exchange thoughts; talk with	metaphorical	0.36188118811881187	William Wimsatt and Cleanth Brooks , it seems to me , have a penetrating insight into the way in which this control is effected : `` For if we say poetry is to talk of beauty and love ( and yet not aim at exciting erotic emotion or even an emotion of Platonic esteem ) and if it is to [talk] of anger and murder ( and yet not aim at arousing anger and indignation ) - then it may be that the poetic way of dealing with these emotions will not be any kind of intensification , compounding , or magnification , or any direct assault upon the affections at all .	58
talk	*talk%2:32:01::	exchange thoughts; talk with	metaphorical	0.36188118811881187	I 'd like to [talk] to him '' .	4
talk	*talk%2:32:01::	exchange thoughts; talk with	metaphorical	0.36188118811881187	She wished that she could [talk] to her mother about it .	5
talk	*talk%2:32:01::	exchange thoughts; talk with	metaphorical	0.36188118811881187	`` We 'll [talk] over at your office '' .	3
talk	*talk%2:32:01::	exchange thoughts; talk with	metaphorical	0.36188118811881187	When I [talked] to Ching about it , he said , Everyone can learn , if he is not a Reactionary or lazy .	2
talk	*talk%2:32:01::	exchange thoughts; talk with	metaphorical	0.36188118811881187	Two friends were [talking] .	3
talk	*talk%2:32:01::	exchange thoughts; talk with	metaphorical	0.36188118811881187	She enjoyed great parties when she would sit up [talking] and dancing and drinking all night , but it always seemed to her that being alone , especially alone in her house , was the realest part of life .	8
talk	*talk%2:32:01::	exchange thoughts; talk with	metaphorical	0.36188118811881187	`` This time '' , Arlene said , and she even kept on wiggling a little bit while she was just [talking] , `` you 're going to tell me what I am and what I'm doing .	21
talk	*talk%2:32:01::	exchange thoughts; talk with	metaphorical	0.36188118811881187	I have heard people [talk] with contempt about the British regulars , but that only proves that a lot of people talk about things of which they are deplorably ignorant .	4
talk	*talk%2:32:01::	exchange thoughts; talk with	metaphorical	0.36188118811881187	He sat beside Kate 's bed with the others throughout the morning , [talking] , talking of God 's will , while Kate lay staring angrily at him .	13
talk	*talk%2:32:01::	exchange thoughts; talk with	metaphorical	0.36188118811881187	He sat beside Kate 's bed with the others throughout the morning , talking , [talking] of God 's will , while Kate lay staring angrily at him .	15
talk	*talk%2:32:01::	exchange thoughts; talk with	metaphorical	0.36188118811881187	Kate had no idea what they were [talking] of , although she had seen the blue lights and strange fires burning and winking on the ridges at night , had heard horsemen on the River Road and hill trails through the nights till dawn .	7
talk	*talk%2:32:01::	exchange thoughts; talk with	metaphorical	0.36188118811881187	She had [talked] to him right there , with the hot sun in his face , which made him sweat and feel ashamed .	2
talk	*talk%2:32:01::	exchange thoughts; talk with	metaphorical	0.36188118811881187	Before that , he wanted to [talk] to the neighbors .	6
talk	*talk%2:32:01::	exchange thoughts; talk with	metaphorical	0.36188118811881187	Mrs. Andrus was [talking] to the maid , arranging for her to come in every day , instead of the four days she now worked .	2
talk	*talk%2:32:01::	exchange thoughts; talk with	metaphorical	0.36188118811881187	The master of the house , his nourished face unrevealing , consented to postpone his departure a few minutes to [talk] to the detective .	19
talk	*talk%2:32:01::	exchange thoughts; talk with	metaphorical	0.36188118811881187	`` I have come to [talk] with you about the future of humor and comedy '' , I told him , at which he started slightly , and then made us each a stiff drink , with a trembling hand .	5
talk	*talk%2:32:01::	exchange thoughts; talk with	metaphorical	0.36188118811881187	While [talking] with Julian M. Beall , Francisco Archuleta and Juan Marcus appeared , both heavily armed , and after watching the house for a while , rode away .	1
talk	*talk%2:32:01::	exchange thoughts; talk with	metaphorical	0.36188118811881187	He thought that if once , only once , he could [talk] with Simms Purdew , something about his own life , and all life , would be clear and simple .	11
talk	*talk%2:32:01::	exchange thoughts; talk with	metaphorical	0.36188118811881187	The more I [talked] with him , the more convinced I became that that was the secret of their riotous blooming .	3
talk	*talk%2:32:01::	exchange thoughts; talk with	metaphorical	0.36188118811881187	It really ought to be rebuilt , and he determined to go up and [talk] to the city banks about this .	13
talk	*talk%2:32:01::	exchange thoughts; talk with	metaphorical	0.36188118811881187	`` [Talk] to Mrs. Catt '' , she said .	1
talk	*talk%2:32:01::	exchange thoughts; talk with	metaphorical	0.36188118811881187	And after Wilson had [talked] to Mrs. Catt and to others , he was absolutely amazed .	4
talk	*talk%2:32:01::	exchange thoughts; talk with	metaphorical	0.36188118811881187	How titillating it was to go among people who did not know him as the composer , but who [talked] in the most glowing terms of the promise of the piece after having heard the first rehearsals .	19
talk	*talk%2:32:01::	exchange thoughts; talk with	metaphorical	0.36188118811881187	We talk about national character in the same way that Copernicus [talked] of the compulsions of celestial bodies to move in circles .	10
talk	*talk%2:32:01::	exchange thoughts; talk with	metaphorical	0.36188118811881187	Driving along the caliche-topped road to town , Howard [talked] .	9
talk	*talk%2:32:01::	exchange thoughts; talk with	metaphorical	0.36188118811881187	These are beginnings , but correctly learned they prepare for satisfying and exciting stunts that can be performed by a strong , flexible body ( we are not [talking] of eccentric extremes ) .	28
talk	*talk%2:32:01::	exchange thoughts; talk with	metaphorical	0.36188118811881187	Andy told him , `` Bake , I wish you 'd [talk] to Skolman , see if some kind of p. a. system can be rigged up outside .	11
talk	*talk%2:32:01::	exchange thoughts; talk with	metaphorical	0.36188118811881187	Here , too , she [talked] low , quirking her head at one or another of the places , most often at Izaak 's armchair which faced her across the long table .	5
talk	*talk%2:32:01::	exchange thoughts; talk with	metaphorical	0.36188118811881187	Sports Writer Ensign Ritchie of the Ogden Standard Examiner went to his compartment to [talk] with him .	12
talk	*talk%2:32:01::	exchange thoughts; talk with	metaphorical	0.36188118811881187	The conductor said to Ritchie : `` I do n't think you want to [talk] to him .	14
talk	*talk%2:32:01::	exchange thoughts; talk with	metaphorical	0.36188118811881187	He said he had never [talked] to Liston '' .	5
talk	*talk%2:32:01::	exchange thoughts; talk with	metaphorical	0.36188118811881187	His parents [talked] seriously and lengthily to their own doctor and to a specialist at the University Hospital - Mr. McKinley was entitled to a discount for members of his family - and it was decided it would be best for him to take the remainder of the term off , spend a lot of time in bed and , for the rest , do pretty much as he chose - provided , of course , he chose to do nothing too exciting or too debilitating .	2
talk	*talk%2:32:01::	exchange thoughts; talk with	metaphorical	0.36188118811881187	Virginia and Rachel [talked] to each other quietly now , as allies who are political rather than natural might in a war atmosphere .	3
talk	*talk%2:32:01::	exchange thoughts; talk with	metaphorical	0.36188118811881187	`` It only does harm to [talk] to troops about new and desirable equipment which others may have but which you cannot give them .	6
talk	*talk%2:32:01::	exchange thoughts; talk with	metaphorical	0.36188118811881187	Immediately thereafter , the patient fractures her rehearsed story , veering into an oversoft , breathy , sloppily articulated , `` I do n't feel like [talking] right now '' .	25
talk	*talk%2:32:01::	exchange thoughts; talk with	metaphorical	0.36188118811881187	I could [talk] to you for three hours and still not be able to give you all of our plans '' !	2
talk	*talk%2:32:01::	exchange thoughts; talk with	metaphorical	0.36188118811881187	`` We 'll [talk] later .	3
talk	*talk%2:32:01::	exchange thoughts; talk with	metaphorical	0.36188118811881187	She clung to him , [talking] to him , and dabbing at her eyes .	4
talk	*talk%2:32:01::	exchange thoughts; talk with	metaphorical	0.36188118811881187	It is perhaps too late now to [talk] of mandate because it is inconsistent with what is termed political realism .	7
talk	*talk%2:32:01::	exchange thoughts; talk with	metaphorical	0.36188118811881187	In an apparent effort to head off such a rival primary slate , Mr. Wagner [talked] by telephone yesterday with Representative Charles A. Buckley , the Bronx Democratic leader , and with Joseph T. Sharkey , the Brooklyn Democratic leader .	14
talk	*talk%2:32:01::	exchange thoughts; talk with	metaphorical	0.36188118811881187	The President spent much of the week-end at his summer home on Cape Cod writing the first drafts of portions of the address with the help of White House aids in Washington with whom he [talked] by telephone .	35
talk	*talk%2:32:01::	exchange thoughts; talk with	metaphorical	0.36188118811881187	But not having [talked] to the Angels , he had made a wrong turn in his reasoning somewhere along the line .	3
talk	*talk%2:32:01::	exchange thoughts; talk with	metaphorical	0.36188118811881187	They went along the pass [talking] with each other for a short while until they came to a river roaring with torrent .	5
talk	*talk%2:32:01::	exchange thoughts; talk with	metaphorical	0.36188118811881187	[Talking] of the rapid population growth ( upwards of 12000 babies born daily ) with an immigrant entering the United States every 1 - 1 2 minutes , he said `` our organization has not been keeping pace with this challenge '' .	0
talk	*talk%2:32:01::	exchange thoughts; talk with	metaphorical	0.36188118811881187	Most realtors and real estate brokers [talk] of themselves as `` professional people '' with the cultural and moral values held by the traditional professions .	6
talk	*talk%2:32:01::	exchange thoughts; talk with	metaphorical	0.36188118811881187	Rourke was [talking] on the phone when he came back .	2
talk	*talk%2:32:01::	exchange thoughts; talk with	metaphorical	0.36188118811881187	We 'll not [talk] out of one side of our mouth in Morris County and out of the other side in Hudson .	3
talk	*talk%2:32:01::	exchange thoughts; talk with	metaphorical	0.36188118811881187	This Sunday those attending the second session will hear a lecture by Kern on the world situation ; a review of the philosophy of Communist leaders by Ted Slack , another real estate agent who became interested as a philosophy major at the University of Miami ; and [talks] on how their Christian faith can guide them in learning about and fighting Communism during high school and college days , by Ted Place , director of Greater Miami Youth for Christ , and Jon Braun , director of Campus Crusade for Christ .	48
talk	*talk%2:32:01::	exchange thoughts; talk with	metaphorical	0.36188118811881187	In the brief moment I had to [talk] to them before I took my post on the ring of defenses , I indicated I was sickened by the methods men employed to live and trade on the river .	7
talk	*talk%2:32:01::	exchange thoughts; talk with	metaphorical	0.36188118811881187	But when some of the squeals had subsided and she had been through one of those sessions that are so indispensable to the young female - six girls sprawled on one bed , drinking Cokes and giggling - she came back to the kitchen to [talk] with me a minute .	45
talk	*talk%2:32:01::	exchange thoughts; talk with	metaphorical	0.36188118811881187	Coping with them demands stern discipline - of yourself as well as of your family , neighbors , friends and anyone you ever [talked] to on a transoceanic jet .	22
talk	*talk%2:32:01::	exchange thoughts; talk with	metaphorical	0.36188118811881187	You 're the one I was [talking] to about a monthly rental .	6
talk	*talk%2:32:01::	exchange thoughts; talk with	metaphorical	0.36188118811881187	He was down , hard to [talk] to , and far too nonchalant on the field .	6
talk	*talk%2:32:01::	exchange thoughts; talk with	metaphorical	0.36188118811881187	Rachel [talked] to him .	1
talk	*talk%2:32:01::	exchange thoughts; talk with	metaphorical	0.36188118811881187	Often he was terribly despondent and [talked] to no one .	6
talk	*talk%2:32:01::	exchange thoughts; talk with	metaphorical	0.36188118811881187	We were sitting together , [talking] .	5
talk	*talk%2:32:01::	exchange thoughts; talk with	metaphorical	0.36188118811881187	He complained to me once that I must [talk] to her .	8
talk	*talk%2:32:01::	exchange thoughts; talk with	metaphorical	0.36188118811881187	He did not let her [talk] to people ; he did not let her choose her own food .	5
talk	*talk%2:32:01::	exchange thoughts; talk with	metaphorical	0.36188118811881187	`` It is easy for you to [talk] '' ; countered a twenty year old law student , `` you travel around the world .	7
talk	*talk%2:32:01::	exchange thoughts; talk with	metaphorical	0.36188118811881187	All week long the President clearly was playing a larger personal role in foreign affairs ; in effect , he was practicing what he preached in his Berlin message two weeks ago when he declared : `` We shall always be prepared to discuss international problems with any and all nations that are willing to [talk] , and listen , with reason '' .	55
talk	*talk%2:32:01::	exchange thoughts; talk with	metaphorical	0.36188118811881187	Other FBI men , [talking] with the pilot from the tower , conspired with him to delay the proposed flight to Havana .	4
talk	*talk%2:32:01::	exchange thoughts; talk with	metaphorical	0.36188118811881187	MRS. Marr is the first contact a Skid Row figure [talks] to after he decides he wants to pick himself up .	10
talk	*talk%2:32:01::	exchange thoughts; talk with	metaphorical	0.36188118811881187	It was about that time , a board member said later , that Dr. Thomas G. Pullen , Jr. , State superintendent of schools , told Dr. Jenkins and a number of other education officials that he would not [talk] to them with a recording machine sitting in front of him .	39
talk	*talk%2:32:01::	exchange thoughts; talk with	metaphorical	0.36188118811881187	This is an ethical demand which cannot be evaded or glossed over by [talking] exclusively of weapon superiority or even of the evil of Communism .	12
talk	*talk%2:32:01::	exchange thoughts; talk with	metaphorical	0.36188118811881187	Sessions devoted to `` Ethics and Foreign Policy Trends '' , `` Moral Principle and Political Judgment '' , `` Christian Ethics in the Cold War '' and related subjects proved to be much livelier under this procedure than if Catholics were merely [talking] to themselves .	43
talk	*talk%2:32:01::	exchange thoughts; talk with	metaphorical	0.36188118811881187	Shivering , people [talked] and argued ; all this government spending would have to be paid for somehow , but on the other hand desperate circumstances called for desperate remedies and something had to be done .	3
talk	*talk%2:32:01::	exchange thoughts; talk with	metaphorical	0.36188118811881187	`` To tell you the truth '' , Maris said , `` Mickey do n't [talk] much '' .	15
talk	*talk%2:32:01::	exchange thoughts; talk with	metaphorical	0.36188118811881187	Maris , in [talking] to reporters , tries to answer all questions candidly and fully , but on rare occasions , he shuns newsmen .	3
talk	*talk%2:32:01::	exchange thoughts; talk with	metaphorical	0.36188118811881187	`` When I 've made a dumb play '' , he says , `` I do n't want to [talk] to anyone .	19
talk	*talk%2:32:01::	exchange thoughts; talk with	metaphorical	0.36188118811881187	`` You 're afraid to [talk] to a guy you idolize '' .	5
talk	*talk%2:32:01::	exchange thoughts; talk with	metaphorical	0.36188118811881187	`` I 'm Mrs. Gertrude Parker '' , a soft voice explained , `` And I 'd like to [talk] to you for a few minutes , please '' .	19
talk	*talk%2:32:01::	exchange thoughts; talk with	metaphorical	0.36188118811881187	I only hope my [talking] to you has helped you a little , anyway , because you need spiritual bucking-up '' .	4
talk	*talk%2:32:01::	exchange thoughts; talk with	metaphorical	0.36188118811881187	The mediums with whom the Parapsychology Foundation is working in this experiment are in a waking or only slightly dissociated state , so that the sitter can make comments , ask and answer questions , instead of [talking] with a `` control '' who speaks through an entranced sensitive .	37
talk	talk%2:32:00::	express in speech	literal	_	Gilman started [talking] to him until he saw his chance .	2
talk	talk%2:32:00::	express in speech	literal	_	The joint investigations of linguistics and psychiatry have established , in point of fact , that no matter what the subject of conversation is or what words are involved , it is impossible for people to [talk] at all without telling over and over again what sort of people they are and how they relate to the rest of the world .	36
talk	talk%2:32:00::	express in speech	literal	_	You were sorry when he finished [talking] because while he was up there you were someone else and the world was something else too .	6
talk	talk%2:32:00::	express in speech	literal	_	Not long ago , I rode down with him in an elevator in Radio City ; he was [talking] to himself thirteen to the dozen and smoking two cigars at once , clearly a man in extremis .	16
talk	talk%2:32:03::	use language	literal	_	I can [talk] .	2
talk	talk%2:32:00::	express in speech	literal	_	`` That 's the way to [talk] .	6
talk	talk%2:32:00::	express in speech	literal	_	Eileen got to dancing , just a little tiny dancing step to a hummed tune that you could hardly notice , and trying to pick up strange men , but each time I was ready to say to hell with it and walk out she 'd pull herself together and [talk] so understandingly in that sweet husky voice about the good times and the happiness we 'd had together and there I was back on the hook .	47
talk	talk%2:32:00::	express in speech	literal	_	Shadow , the more talkative , began at once to [talk] , her voice piteous .	9
talk	talk%2:32:03::	use language	literal	_	The reporter must have written this with tongue in cheek , because Dexter 's oration could hardly be understood ; and , although he later explained that he was [talking] French , it seems rather more likely that he had succumbed to the joys of the evening .	29
talk	talk%2:32:03::	use language	literal	_	`` That was Tee-wah I was [talking] .	6
talk	talk%2:32:03::	use language	literal	_	It is at precisely such moments that he encounters a couple of undergraduates , faces alight , holding hands and [talking] happily as they come along , oblivious of him , or throwing him the most fleeting and casual of glances , such as they would give a tethered goat .	20
talk	talk%2:32:00::	express in speech	literal	_	A few minutes later , FBI agent Francis Crosby , [talking] fast , eased up the ramp to the plane , unarmed .	10
talk	talk%2:32:00::	express in speech	literal	_	`` Now you do n't want to go [talking] that way '' , he said .	8
talk	talk%2:32:02::	reveal information	literal	_	Her neighbors in the expensive Houston apartment building told reporters that the ash-blonde beauty had [talked] at times about her past as `` the Golden Girl of the Mickey Jelke trial '' .	15
talk	talk%2:32:02::	reveal information	literal	_	If W. W . 's retiring soon , as hinted , he ai n't [talking] - yet .	14
talk	talk%2:32:00::	express in speech	literal	_	Hino [talked] very little about himself except for the infrequent times when he used a personal illustration in connection with another subject .	1
talk	talk%2:32:00::	express in speech	literal	_	The front part of my head was called a face , and I could [talk] with it .	14
talk	talk%2:32:00::	express in speech	literal	_	Meanwhile , the city itself should be [talked] to .	7
talk	talk%2:32:00::	express in speech	literal	_	Such a leader must strengthen NATO politically , and establish that true unity about which it has always [talked] .	18
talk	talk%2:32:02::	reveal information	literal	_	She quickly moved into cafe society , possibly easing her conscience by [talking] constantly of her desire to be in show business .	12
talk	talk%2:32:06::	divulge confidential information or secrets	literal	_	`` He found out about you and Arbuckle [talking] .	7
talk	talk%2:32:03::	use language	literal	_	`` You [talk] so well , Carla '' , he went on .	2
talk	talk%2:32:00::	express in speech	literal	_	- You [talk] deep .	2
talk	talk%2:32:00::	express in speech	literal	_	Sometimes the bubbling sound of geysers came faintly across the plain to the herd of men ; those who could [talk] declared it to be the breathing of Captain Alvarez .	20
talk	talk%2:32:00::	express in speech	literal	_	But , because they are politicians , they like to [talk] as poor-mouth as the lowliest voter .	10
talk	talk%2:32:00::	express in speech	literal	_	If we was both armed , you would n't [talk] so tough '' .	9
talk	talk%2:32:03::	use language	literal	_	IBM has a machine that can understand spoken words and [talk] back .	10
talk	talk%2:32:00::	express in speech	literal	_	Hank Foiles , backed up by Frank House who will be within calling distance in the minors , make up better second line catching than the Birds had all last year , but Gus is still that big man you need when you start [talking] pennant .	42
talk	talk%1:10:00::	an exchange of ideas via conversation	literal	_	( This provides whatever real justification there is for the [talk] about `` reality '' . )	10
talk	talk%2:32:06::	divulge confidential information or secrets	literal	_	He had to make Jess [talk] , and he had to do it before Stacey Black got curious and came to investigate .	5
talk	talk%1:10:00::	an exchange of ideas via conversation	literal	_	There is much [talk] in theological circles about the `` Church as Mission '' and the `` Church 's Mission '' ; theologians have been stressing the fact that the Church does not exist for its own sake but as a testimony in the world for the healing of the world .	3
talk	talk%1:10:00::	an exchange of ideas via conversation	literal	_	It is awfully talky , for instance , and not all of the [talk] is terribly impressive .	12
talk	talk%1:10:00::	an exchange of ideas via conversation	literal	_	Obviously , we can n't stop them from coming in , however , just by [talk] .	14
talk	talk%1:10:00::	an exchange of ideas via conversation	literal	_	And the bed that sagged in a certain place where all the weight had been put too many times before and the walls fine and thin for overhearing [talk] in the next room when Gratt went out for ice , the sound coming through the walls like something on the other side of the curtain , so you knew they heard you when they were quiet and while you lay wondering what they had heard you listened .	28
talk	talk%1:10:00::	an exchange of ideas via conversation	literal	_	In the course of our [talk] , Askington mentioned that he spent part of each week studying .	5
talk	talk%1:10:00::	an exchange of ideas via conversation	literal	_	His [talk] turns to what he calls `` the mess '' , or sometimes `` this buzzing confusion '' .	1
talk	talk%1:10:00::	an exchange of ideas via conversation	literal	_	He thought about it briefly , then deliberately turned the [talk] to something else .	9
talk	talk%1:10:00::	an exchange of ideas via conversation	literal	_	`` You and I have a little [talking] to do , Jess .	7
talk	talk%1:10:00::	an exchange of ideas via conversation	literal	_	Yes , she had missed it after her [talk] with Emile , after dinner , just before Emile was shot .	8
transform	*transform%2:30:00::	change or alter in form, appearance, or nature	metaphorical	0.6888888888888889	In all his miscalculations , Stravinsky made the fatal historical blunder of presuming that he could [transform] other composers ' inspirations - representing many peoples , time periods and styles - into his own music by warping the harmony , melody , or form , to verify his own experiments .	16
transform	*transform%2:30:00::	change or alter in form, appearance, or nature	metaphorical	0.6888888888888889	The Prosecutor in his opening remarks did refer to `` the germ of anti-Semitism '' among the Germans which Hitler `` stimulated and [transformed] '' .	23
transform	*transform%2:30:00::	change or alter in form, appearance, or nature	metaphorical	0.6888888888888889	More often than not I have found easy excuse to leave my own work and stand at a respectable distance where I could watch this man [transform] raw nature into a composed , not imitative , painting .	23
transform	*transform%2:30:00::	change or alter in form, appearance, or nature	metaphorical	0.6888888888888889	they `` [transform] and beautify our inner nature '' .	2
transform	*transform%2:30:00::	change or alter in form, appearance, or nature	metaphorical	0.6888888888888889	With the help of Ziggy Elman , also in the band , he [transformed] a traditional Jewish melody into a popular song , `` And the Angels Sing '' .	12
transform	*transform%2:30:00::	change or alter in form, appearance, or nature	metaphorical	0.6888888888888889	Depicted , Cubist flatness is now almost completely assimilated to the literal , undepicted kind , but at the same time it reacts upon and largely [transforms] the undepicted kind - and it does so , moreover , without depriving the latter of its literalness ; rather , it underpins and reinforces that literalness , re-creates it .	23
transform	*transform%2:30:00::	change or alter in form, appearance, or nature	metaphorical	0.6888888888888889	Only when the collage had been exhaustively translated into oil , and [transformed] by this translation , did Cubism become an affair of positive color and flat , interlocking silhouettes whose legibility and placement created allusions to , if not the illusion of , unmistakable three-dimensional identities .	12
transform	*transform%2:30:00::	change or alter in form, appearance, or nature	metaphorical	0.6888888888888889	The letters took their source from a stream of my imagination in which I was [transformed] into a young man not unlike my bunkmate Eliot Sands - he of the porch steps anecdotes - who smoked cigarettes , performed the tango , wore fifty dollar suits , and sneaked off into the dark with girls to do unimaginable things with them .	15
transform	*transform%2:30:00::	change or alter in form, appearance, or nature	metaphorical	0.6888888888888889	The present issue in Atlantica - whether to [transform] an alliance of sovereign nations into a federal union of sovereign citizens - resembles the American one of 1787 - 89 rather than the one that was resolved by Civil War .	8
transform	*transform%2:30:00::	change or alter in form, appearance, or nature	metaphorical	0.6888888888888889	It is idle to ask why we are no longer disturbed if somebody , professing the deepest piety , decides anew that it is of no importance whether or not Christ [transformed] the water into wine at eleven A. M. on the third of August , A. D. 32 .	31
transform	transform%2:30:02::	subject to a mathematical transformation	literal	_	For the lines of any plane , | p , meeting Q in a conic C , are transformed into the congruence of secants of the curve C ' into which C is [transformed] in the point involution on Q .	33
transform	transform%2:30:02::	subject to a mathematical transformation	literal	_	For the lines of any plane , | p , meeting Q in a conic C , are [transformed] into the congruence of secants of the curve C ' into which C is transformed in the point involution on Q .	18
transform	transform%2:30:02::	subject to a mathematical transformation	literal	_	From the preceding remarks , it is clear that such a bundle is [transformed] into itself in an involutorial fashion .	13
transform	transform%2:30:02::	subject to a mathematical transformation	literal	_	In particular , tangents to C are [transformed] into tangents to C ' .	7
transform	transform%2:30:02::	subject to a mathematical transformation	literal	_	Thus pencils of tangents to Q are [transformed] into pencils of tangents .	7
transform	transform%2:30:02::	subject to a mathematical transformation	literal	_	The multiple secants , of course , are exceptional and in each case are [transformed] into cones of order * * f .	14
transform	transform%2:30:02::	subject to a mathematical transformation	literal	_	A line through two of these points , * * f and * * f , will be [transformed] into the entire bilinear congruence having the tangents to \ g at * * f and * * f as directrices .	18
transform	transform%2:30:02::	subject to a mathematical transformation	literal	_	Each generator , | l , of * * f is also exceptional , for each is [transformed] into the entire congruence of secants of the curve into which that generator is transformed by the point involution on Q .	17
transform	transform%2:30:02::	subject to a mathematical transformation	literal	_	The most obvious of these is the quadratic complex of tangents to Q , each line of which is [transformed] into the entire pencil of lines tangent to Q at the image of the point of tangency of the given line .	19
transform	transform%2:30:02::	subject to a mathematical transformation	literal	_	Clearly , any line , l , of any bundle having one of these points of tangency , T , as vertex will be [transformed] into the entire pencil having the image of the second intersection of l and Q as vertex and lying in the plane determined by the image point and the generator of * * f which is tangent to \ g at T .	24
